"","word","Barely True","False","Half-True","Mostly-True","Not known","True"
"1","--number--",693,784,1106,1157,259,872
"2","say",361,417,411,334,192,268
"3","state",157,214,224,237,60,228
"4","year",154,170,217,224,45,178
"5","obama",134,164,142,84,105,73
"6","percent",121,129,216,243,34,191
"7","president",100,125,103,79,56,65
"8","tax",95,109,112,108,41,78
"9","care",86,96,78,64,46,54
"10","health",86,113,96,78,50,74
"11","people",81,84,106,115,39,57
"12","job",80,110,149,98,38,74
"13","million",80,78,141,117,35,78
"14","bill",70,74,75,59,30,52
"15","one",66,67,84,83,30,68
"16","billion",64,69,101,64,20,36
"17","voted",64,56,47,49,26,38
"18","cut",61,50,91,74,7,36
"19","new",59,84,80,79,31,69
"20","plan",58,58,56,35,24,27
"21","said",58,53,58,50,41,44
"22","clinton",57,52,40,34,26,17
"23","u.",57,78,69,67,34,57
"24","law",56,70,69,47,25,48
"25","federal",55,56,55,53,20,54
"26","taxe",55,37,83,54,20,45
"27","obamacare",53,37,35,22,24,8
"28","time",52,53,91,75,15,65
"29","get",51,42,36,37,14,43
"30","government",50,79,59,40,32,38
"31","texa",50,46,78,63,19,56
"32","barack",49,83,53,31,46,29
"33","budget",49,76,54,68,10,37
"34","american",48,52,98,87,28,70
"35","school",47,39,69,52,19,39
"36","cost",46,43,56,49,12,20
"37","republican",46,63,75,82,24,45
"38","pay",44,39,51,52,17,52
"39","now",43,52,64,61,10,45
"40","hillary",42,33,29,24,24,10
"41","even",41,24,35,36,14,31
"42","security",40,31,32,17,18,18
"43","every",39,54,63,72,12,56
"44","democrat",38,36,38,22,13,25
"45","money",38,46,49,43,12,33
"46","office",38,26,34,36,13,33
"47","women",37,28,29,34,10,25
"48","america",35,30,32,34,15,26
"49","public",34,28,44,32,9,31
"50","senate",34,40,34,42,9,29
"51","social",34,29,25,12,9,16
"52","spending",34,16,40,38,10,31
"53","city",33,32,33,22,8,31
"54","dollar",33,21,49,42,12,27
"55","scott",33,50,38,20,21,14
"56","support",33,28,46,24,8,25
"57","vote",33,42,29,38,14,33
"58","wisconsin",33,68,36,38,30,28
"59","last",32,45,47,67,13,51
"60","medicare",32,38,40,18,14,10
"61","taxpayer",32,18,22,19,7,17
"62","make",30,16,23,31,18,13
"63","florida",29,34,51,45,9,31
"64","took",29,18,31,24,4,16
"65","administration",28,26,45,18,12,14
"66","first",28,37,30,43,11,46
"67","insurance",28,32,32,36,12,30
"68","raise",28,26,28,20,8,8
"69","united",28,51,61,59,13,40
"70","country",27,52,56,64,17,59
"71","day",27,19,37,45,16,45
"72","fund",27,23,31,17,10,13
"73","going",27,34,25,18,16,14
"74","illegal",27,38,30,21,17,13
"75","like",27,23,22,17,14,16
"76","two",27,32,39,30,6,34
"77","worker",27,10,31,24,4,14
"78","can",26,27,37,35,17,28
"79","four",26,18,29,34,3,29
"80","rate",26,45,88,62,11,56
"81","bush",25,26,27,40,5,27
"82","congres",25,23,33,15,14,29
"83","right",25,47,43,33,11,21
"84","go",24,18,16,25,13,16
"85","gov",24,32,30,18,17,14
"86","house",24,40,23,39,13,26
"87","les",24,13,23,38,8,24
"88","program",24,20,30,34,14,22
"89","since",24,31,79,70,13,74
"90","gun",23,32,33,31,16,27
"91","know",23,16,13,13,7,17
"92","oil",23,16,32,34,2,21
"93","walker",23,37,22,8,12,7
"94","high",22,8,23,19,5,13
"95","immigrant",22,22,23,19,6,11
"96","paid",22,11,16,26,5,18
"97","passed",22,16,19,15,7,18
"98","romney",22,15,40,26,9,24
"99","student",22,19,27,40,4,14
"100","unemployment",22,24,40,26,7,19
"101","abortion",21,35,23,13,10,14
"102","governor",21,32,46,33,10,41
"103","national",21,24,24,34,14,32
"104","rep",21,17,13,4,23,8
"105","rick",21,24,34,20,12,11
"106","trump",21,23,30,38,11,22
"107","want",21,32,37,27,21,24
"108","actually",20,13,20,24,0,16
"109","clas",20,10,14,10,9,7
"110","county",20,24,24,31,9,23
"111","district",20,13,18,16,6,15
"112","income",20,28,30,38,7,35
"113","increase",20,35,41,28,16,21
"114","nation",20,35,23,42,5,41
"115","nearly",20,15,34,32,8,38
"116","sen",20,19,27,12,7,20
"117","take",20,26,11,19,12,15
"118","act",19,20,33,25,4,12
"119","candidate",19,26,29,28,8,23
"120","debt",19,22,41,33,6,36
"121","dont",19,32,29,31,17,13
"122","education",19,16,34,31,7,20
"123","give",19,21,17,17,3,8
"124","just",19,33,47,30,11,32
"125","middle",19,10,16,15,9,8
"126","per",19,27,30,31,5,22
"127","stimulu",19,21,22,10,9,11
"128","supported",19,18,24,19,2,10
"129","system",19,14,21,25,6,18
"130","children",18,21,20,21,13,20
"131","history",18,20,30,27,5,22
"132","home",18,14,15,24,6,14
"133","almost",17,10,21,27,4,24
"134","department",17,12,13,22,9,18
"135","highest",17,13,25,35,3,28
"136","made",17,16,23,16,5,21
"137","private",17,19,31,19,11,19
"138","put",17,17,31,12,3,12
"139","that",17,12,20,17,11,10
"140","white",17,18,18,10,9,8
"141","already",16,11,14,9,4,8
"142","campaign",16,32,33,25,15,22
"143","change",16,19,13,13,2,11
"144","college",16,12,28,32,3,17
"145","democratic",16,14,12,17,3,10
"146","donald",16,14,28,26,10,19
"147","economic",16,15,17,14,3,5
"148","election",16,23,24,17,7,25
"149","employee",16,22,20,18,2,19
"150","family",16,11,15,11,2,20
"151","group",16,13,9,3,7,4
"152","higher",16,13,23,17,2,20
"153","hour",16,8,18,15,3,9
"154","john",16,23,26,18,13,24
"155","military",16,8,16,12,9,17
"156","never",16,36,22,24,14,21
"157","there",16,8,15,12,6,6
"158","three",16,22,31,38,5,41
"159","work",16,24,37,19,9,10
"160","average",15,14,41,49,3,33
"161","court",15,22,16,15,6,16
"162","deficit",15,16,28,23,1,7
"163","half",15,17,18,38,4,34
"164","medicaid",15,19,14,13,2,10
"165","party",15,18,16,28,5,15
"166","property",15,6,7,14,3,14
"167","service",15,10,18,12,6,10
"168","show",15,14,12,13,9,9
"169","u",15,14,16,10,6,10
"170","used",15,12,13,17,2,17
"171","veteran",15,9,11,5,5,13
"172","austin",14,9,13,11,9,10
"173","away",14,19,11,8,6,8
"174","benefit",14,18,21,11,2,10
"175","busines",14,21,13,15,3,13
"176","economy",14,19,30,20,10,15
"177","growth",14,12,13,12,2,15
"178","increased",14,4,22,8,4,11
"179","keep",14,10,13,6,5,9
"180","mccain",14,13,15,19,5,33
"181","number",14,31,27,30,9,30
"182","policie",14,6,6,3,5,4
"183","price",14,10,9,6,4,4
"184","proposed",14,20,19,15,3,18
"185","reagan",14,9,7,8,4,7
"186","real",14,4,7,4,5,3
"187","senior",14,13,11,5,6,6
"188","stop",14,9,5,2,3,6
"189","trillion",14,19,30,22,1,16
"190","wage",14,11,25,31,2,17
"191","went",14,15,23,13,4,11
"192","allow",13,11,9,12,6,6
"193","border",13,13,19,13,18,6
"194","china",13,10,13,13,16,6
"195","create",13,10,13,4,5,4
"196","didnt",13,14,9,9,6,10
"197","far",13,5,9,13,4,6
"198","five",13,19,26,28,8,19
"199","funding",13,16,28,30,7,13
"200","including",13,10,11,12,5,7
"201","legislation",13,12,17,9,8,15
"202","line",13,6,6,7,0,9
"203","lost",13,16,34,21,11,12
"204","much",13,24,9,22,3,8
"205","need",13,6,11,9,5,10
"206","perry",13,10,18,10,6,7
"207","reform",13,19,20,22,9,10
"208","run",13,8,10,10,3,3
"209","spend",13,12,17,23,5,23
"210","terrorist",13,10,9,9,6,9
"211","thing",13,12,11,5,0,10
"212","virginia",13,20,11,13,7,14
"213","companie",12,18,23,22,2,12
"214","created",12,14,37,21,12,10
"215","familie",12,9,23,15,5,12
"216","foreign",12,8,11,4,8,10
"217","georgia",12,13,34,26,3,46
"218","immigration",12,19,19,23,6,7
"219","individual",12,6,11,9,2,9
"220","many",12,14,17,25,7,16
"221","member",12,13,13,22,11,29
"222","mitt",12,12,27,20,7,17
"223","month",12,16,30,36,3,24
"224","next",12,7,13,11,3,10
"225","part",12,10,18,8,8,7
"226","planned",12,6,8,12,7,10
"227","union",12,13,12,18,9,12
"228","use",12,17,13,18,11,16
"229","washington",12,9,15,12,3,12
"230","without",12,24,23,16,3,15
"231","world",12,21,32,45,13,22
"232","ago",11,10,13,15,6,21
"233","case",11,8,8,12,3,8
"234","come",11,17,21,17,4,13
"235","congressional",11,12,10,8,3,5
"236","coverage",11,15,8,14,7,9
"237","crime",11,16,17,19,7,21
"238","fight",11,5,4,4,0,2
"239","free",11,12,10,4,9,4
"240","ga",11,13,26,13,5,12
"241","george",11,18,13,15,4,13
"242","got",11,13,19,26,8,9
"243","iraq",11,12,16,12,1,17
"244","level",11,7,12,24,4,13
"245","majority",11,15,19,20,3,9
"246","making",11,13,14,12,7,2
"247","mandate",11,8,6,7,3,4
"248","parenthood",11,6,8,9,6,9
"249","record",11,15,22,15,9,19
"250","revenue",11,14,13,10,1,6
"251","spent",11,17,17,22,6,20
"252","street",11,6,13,8,5,8
"253","term",11,8,16,16,6,20
"254","today",11,21,24,44,6,27
"255","wall",11,6,13,6,6,4
"256","working",11,16,17,15,4,10
"257","back",10,11,19,19,8,16
"258","ban",10,9,13,7,6,7
"259","bank",10,5,11,8,4,5
"260","big",10,8,13,12,6,6
"261","buy",10,9,11,7,3,9
"262","came",10,11,10,15,3,9
"263","cant",10,14,8,7,2,8
"264","company",10,6,6,9,6,8
"265","control",10,16,15,9,6,6
"266","david",10,10,6,14,5,3
"267","doesnt",10,10,13,10,4,5
"268","employer",10,5,5,4,1,4
"269","end",10,12,9,12,7,8
"270","ever",10,25,13,16,4,12
"271","iran",10,19,13,13,3,6
"272","largest",10,12,15,17,4,16
"273","men",10,5,11,9,2,6
"274","mexico",10,11,14,10,0,5
"275","north",10,4,6,12,2,1
"276","option",10,5,1,3,1,1
"277","oregon",10,13,8,18,1,15
"278","paul",10,14,16,7,1,10
"279","poll",10,9,13,16,4,7
"280","project",10,12,12,8,2,7
"281","proposal",10,9,11,8,2,10
"282","reduce",10,7,12,4,1,2
"283","reserve",10,5,3,6,2,4
"284","ronald",10,7,6,5,2,4
"285","ryan",10,13,15,8,1,7
"286","senator",10,10,15,9,2,19
"287","sex",10,7,10,8,4,4
"288","single",10,15,23,19,4,7
"289","top",10,7,23,23,1,24
"290","tried",10,5,7,4,4,4
"291","voting",10,12,12,15,8,12
"292","war",10,15,23,13,6,17
"293","weve",10,14,26,25,3,18
"294","york",10,11,7,12,2,10
"295","able",9,10,3,9,2,4
"296","amendment",9,15,17,10,2,10
"297","attack",9,18,9,5,4,3
"298","attorney",9,7,6,4,2,5
"299","benghazi",9,6,1,1,1,1
"300","birth",9,7,7,3,2,4
"301","break",9,8,13,10,1,4
"302","child",9,6,8,9,3,14
"303","deal",9,24,20,11,3,6
"304","force",9,9,15,14,9,10
"305","foundation",9,1,2,1,1,1
"306","gallon",9,7,3,8,2,4
"307","gay",9,10,6,8,3,5
"308","general",9,13,12,8,4,15
"309","ir",9,7,7,3,4,2
"310","killed",9,5,11,9,6,8
"311","leader",9,7,12,3,6,5
"312","little",9,4,3,6,2,5
"313","local",9,11,16,8,3,6
"314","nothing",9,12,6,2,8,5
"315","official",9,6,7,5,4,6
"316","past",9,11,22,14,4,17
"317","patient",9,4,2,5,3,2
"318","power",9,2,11,9,6,10
"319","promised",9,5,3,2,1,4
"320","provide",9,9,4,12,3,5
"321","raised",9,13,16,15,2,13
"322","raising",9,5,17,4,5,3
"323","rubio",9,5,8,10,4,9
"324","seven",9,7,12,13,3,14
"325","signed",9,5,10,5,3,5
"326","six",9,9,8,21,1,19
"327","special",9,6,8,7,5,1
"328","still",9,10,17,20,3,21
"329","third",9,12,15,20,1,12
"330","tuition",9,5,4,14,0,10
"331","affordable",8,12,9,10,3,3
"332","aid",8,8,5,12,3,5
"333","board",8,9,10,12,6,8
"334","called",8,10,14,11,3,16
"335","clear",8,1,1,2,1,2
"336","climate",8,11,4,7,1,3
"337","combined",8,10,19,9,1,17
"338","congressman",8,9,7,6,4,2
"339","credit",8,9,6,9,4,9
"340","criminal",8,7,6,5,2,3
"341","data",8,7,2,5,2,0
"342","debate",8,8,8,3,5,3
"343","defense",8,4,7,18,3,5
"344","eight",8,9,19,11,2,7
"345","energy",8,15,14,7,5,8
"346","gave",8,10,9,6,3,5
"347","help",8,12,16,9,7,3
"348","hundred",8,6,12,6,1,5
"349","idea",8,7,5,3,1,2
"350","isi",8,12,7,4,4,4
"351","jim",8,8,6,2,1,5
"352","joe",8,5,9,5,3,3
"353","kill",8,4,7,2,5,5
"354","left",8,11,10,6,4,5
"355","marco",8,3,7,8,4,8
"356","mark",8,2,4,4,3,2
"357","marriage",8,9,5,12,2,8
"358","mayor",8,11,18,6,6,9
"359","millionaire",8,3,11,6,2,4
"360","old",8,9,11,4,3,6
"361","opposed",8,7,11,5,0,8
"362","pas",8,5,5,4,2,2
"363","place",8,9,12,7,7,3
"364","recent",8,10,9,15,7,2
"365","report",8,9,14,8,9,4
"366","require",8,11,7,3,5,4
"367","rob",8,4,3,3,2,0
"368","sale",8,7,12,12,5,8
"369","saving",8,5,10,3,1,5
"370","sector",8,9,24,15,4,15
"371","see",8,10,8,12,1,5
"372","stand",8,5,7,1,3,3
"373","supreme",8,15,6,6,4,14
"374","taken",8,3,8,8,1,8
"375","tom",8,7,3,1,4,2
"376","trade",8,13,15,8,6,7
"377","w",8,7,6,8,1,5
"378","water",8,8,9,14,3,11
"379","week",8,9,14,12,5,14
"380","whether",8,22,7,9,3,4
"381","according",7,7,9,8,4,6
"382","arizona",7,8,8,5,3,4
"383","bargaining",7,3,3,2,2,3
"384","behind",7,6,4,7,1,7
"385","bipartisan",7,3,4,7,1,9
"386","call",7,7,9,4,4,5
"387","car",7,7,9,7,8,6
"388","charge",7,10,9,3,5,5
"389","charlie",7,4,6,5,3,6
"390","common",7,5,8,6,4,1
"391","current",7,11,8,4,4,7
"392","death",7,3,9,8,4,17
"393","deciding",7,5,0,0,0,0
"394","deduction",7,1,1,1,2,2
"395","different",7,3,2,3,1,10
"396","doctor",7,14,1,5,4,7
"397","drilling",7,2,8,5,2,9
"398","email",7,7,4,5,1,1
"399","failed",7,7,7,7,2,5
"400","fee",7,3,5,3,5,4
"401","feingold",7,5,2,1,0,3
"402","forced",7,7,6,4,3,3
"403","former",7,8,13,4,5,8
"404","friend",7,3,0,3,2,1
"405","goe",7,5,6,5,1,2
"406","good",7,5,10,2,5,4
"407","held",7,1,4,4,1,3
"408","helped",7,6,13,8,2,4
"409","hispanic",7,3,9,5,0,10
"410","hospital",7,4,5,7,0,5
"411","island",7,14,15,18,7,23
"412","january",7,2,4,2,4,0
"413","kind",7,4,3,6,2,3
"414","large",7,2,6,5,2,1
"415","led",7,7,9,6,4,8
"416","live",7,9,13,10,3,13
"417","major",7,6,7,21,1,7
"418","market",7,5,6,6,2,5
"419","medical",7,4,14,13,3,3
"420","milwaukee",7,18,14,13,5,10
"421","order",7,5,6,4,6,4
"422","paying",7,7,7,7,2,11
"423","pension",7,10,10,9,1,5
"424","personal",7,6,4,6,2,6
"425","point",7,8,11,10,0,6
"426","police",7,8,6,10,2,12
"427","policy",7,6,10,1,4,6
"428","politician",7,7,2,6,2,4
"429","poverty",7,4,13,20,0,5
"430","premium",7,6,8,5,2,2
"431","profit",7,5,8,5,4,5
"432","race",7,4,4,6,2,8
"433","recall",7,3,2,0,1,5
"434","rhode",7,12,17,19,6,21
"435","rise",7,3,3,5,1,5
"436","running",7,11,7,9,3,7
"437","saved",7,4,4,7,1,5
"438","second",7,17,12,19,3,9
"439","small",7,20,5,7,4,11
"440","teacher",7,15,13,12,1,7
"441","team",7,4,1,2,6,5
"442","thousand",7,8,17,5,7,8
"443","using",7,5,6,2,1,3
"444","violent",7,5,5,4,4,3
"445","weapon",7,10,7,10,3,9
"446","yet",7,2,5,4,3,4
"447","zero",7,5,6,6,6,9
"448","action",6,4,8,10,3,5
"449","agreed",6,2,0,1,0,1
"450","agreement",6,4,8,9,3,6
"451","allowed",6,7,13,11,1,7
"452","among",6,7,22,8,2,12
"453","amount",6,3,14,10,0,4
"454","bailout",6,2,9,2,0,2
"455","became",6,2,10,11,1,7
"456","better",6,5,9,4,3,8
"457","biden",6,2,4,2,1,1
"458","bring",6,6,12,6,2,4
"459","businesse",6,22,10,16,4,10
"460","career",6,3,7,5,0,1
"461","carolina",6,4,4,8,1,2
"462","carry",6,5,3,3,0,2
"463","cast",6,4,1,3,0,1
"464","cause",6,6,4,2,2,4
"465","cent",6,7,2,9,2,8
"466","center",6,4,6,3,3,4
"467","citizen",6,17,8,18,8,8
"468","community",6,4,4,5,2,8
"469","contract",6,2,3,5,0,2
"470","core",6,6,3,5,1,0
"471","cover",6,3,2,2,1,3
"472","creation",6,6,15,5,3,2
"473","cruz",6,5,3,2,6,4
"474","currently",6,3,6,8,1,4
"475","decade",6,5,17,20,1,13
"476","decision",6,9,7,3,2,2
"477","development",6,5,5,4,2,2
"478","doubled",6,5,10,6,4,10
"479","drop",6,5,7,2,1,2
"480","else",6,1,4,5,0,3
"481","executive",6,8,6,11,5,6
"482","farm",6,2,1,5,4,5
"483","fewer",6,6,6,6,0,4
"484","fought",6,2,3,2,0,3
"485","funded",6,9,8,5,4,4
"486","getting",6,8,8,9,2,7
"487","given",6,4,10,10,6,3
"488","gone",6,6,20,8,1,8
"489","gotten",6,5,2,3,1,2
"490","hand",6,5,5,2,1,4
"491","he",6,5,13,4,3,5
"492","hike",6,5,2,3,3,1
"493","huge",6,1,5,3,2,1
"494","industry",6,8,8,12,2,7
"495","interest",6,8,10,8,2,6
"496","issue",6,6,11,9,2,8
"497","jeb",6,2,0,9,0,2
"498","jersey",6,17,9,16,2,18
"499","labor",6,9,2,8,1,4
"500","lake",6,4,2,4,2,1
"501","least",6,6,13,9,1,7
"502","legal",6,6,11,8,0,9
"503","legislature",6,11,6,6,1,12
"504","let",6,7,9,5,7,4
"505","liberal",6,6,8,1,3,1
"506","life",6,8,16,12,8,5
"507","likely",6,5,7,8,3,3
"508","list",6,2,4,2,1,3
"509","lobbyist",6,4,10,6,3,11
"510","long",6,7,7,5,4,4
"511","look",6,8,10,7,4,5
"512","lose",6,10,9,5,6,3
"513","lot",6,5,10,8,3,8
"514","lowest",6,8,21,24,3,13
"515","marijuana",6,6,11,9,0,7
"516","massachusett",6,8,12,11,6,10
"517","massive",6,4,7,0,1,1
"518","move",6,2,2,3,1,4
"519","murphy",6,4,0,2,1,0
"520","muslim",6,12,1,5,14,4
"521","offender",6,1,2,2,0,1
"522","ohio",6,17,23,26,14,22
"523","open",6,2,3,4,2,4
"524","opponent",6,10,7,2,4,4
"525","outside",6,7,3,2,0,0
"526","patrick",6,4,2,2,3,2
"527","population",6,8,16,14,4,15
"528","portman",6,3,3,3,0,0
"529","presidential",6,11,5,6,3,11
"530","pro",6,4,8,7,0,3
"531","protect",6,7,7,3,1,1
"532","reduced",6,5,9,3,0,4
"533","reduction",6,1,4,5,1,4
"534","regulation",6,7,5,4,1,5
"535","repeal",6,4,1,4,0,2
"536","rus",6,5,2,1,0,2
"537","safety",6,3,5,4,1,0
"538","saudi",6,6,5,1,0,6
"539","saying",6,7,8,3,2,5
"540","shooting",6,5,11,2,4,2
"541","sink",6,2,3,5,0,0
"542","standard",6,3,10,6,0,2
"543","stay",6,2,8,2,2,2
"544","taking",6,3,10,12,1,3
"545","think",6,10,10,11,4,12
"546","total",6,5,9,9,2,9
"547","traffic",6,5,2,4,1,2
"548","troop",6,9,10,8,1,8
"549","voter",6,17,21,10,12,20
"550","way",6,8,13,5,4,8
"551","well",6,12,4,2,3,10
"552","youre",6,13,10,7,1,5
"553","ability",5,3,1,4,0,0
"554","added",5,4,8,8,2,9
"555","additional",5,2,6,5,0,2
"556","alex",5,2,3,5,0,1
"557","allowing",5,3,3,3,2,3
"558","alone",5,7,8,4,2,4
"559","approved",5,5,3,2,0,2
"560","arabia",5,5,2,1,0,5
"561","around",5,2,7,10,4,3
"562","atlanta",5,9,11,9,5,12
"563","attacked",5,2,2,1,1,2
"564","balanced",5,5,6,5,0,1
"565","book",5,2,2,1,5,5
"566","brother",5,2,3,3,1,0
"567","brown",5,7,9,6,7,5
"568","bureaucrat",5,7,1,2,3,1
"569","california",5,9,7,9,6,8
"570","cap",5,8,3,3,5,4
"571","card",5,1,0,2,2,2
"572","check",5,4,14,15,4,12
"573","christian",5,10,2,1,2,1
"574","claim",5,7,5,3,3,11
"575","collective",5,3,2,2,3,3
"576","commission",5,11,1,2,0,3
"577","compared",5,3,2,5,3,4
"578","condition",5,4,4,5,1,4
"579","convicted",5,1,3,3,0,4
"580","council",5,5,2,2,4,7
"581","crist",5,5,7,5,2,8
"582","cuccinelli",5,1,1,0,2,0
"583","delay",5,0,1,0,1,0
"584","dropped",5,4,5,5,2,4
"585","easier",5,3,2,1,0,0
"586","either",5,2,3,3,3,4
"587","elected",5,5,12,7,3,12
"588","everyone",5,2,2,4,1,2
"589","fact",5,10,15,5,7,13
"590","fine",5,4,3,0,1,2
"591","floridian",5,7,3,4,0,2
"592","food",5,4,10,14,10,10
"593","forcing",5,1,0,0,0,0
"594","fully",5,1,3,5,0,2
"595","global",5,8,2,4,2,6
"596","great",5,6,7,9,4,9
"597","gulf",5,1,6,2,2,0
"598","holding",5,3,1,1,3,0
"599","household",5,2,4,3,2,6
"600","human",5,2,5,7,4,2
"601","id",5,5,3,5,2,6
"602","immediately",5,2,3,1,0,1
"603","include",5,10,13,4,5,2
"604","increasing",5,4,3,4,1,1
"605","ive",5,11,5,6,5,4
"606","judge",5,6,5,4,0,6
"607","justice",5,6,3,4,4,5
"608","ken",5,2,1,0,2,1
"609","key",5,0,2,0,1,3
"610","kid",5,11,16,7,2,13
"611","land",5,4,6,5,3,3
"612","lane",5,1,1,2,1,1
"613","leadership",5,2,4,6,2,3
"614","limit",5,2,3,4,1,5
"615","loan",5,6,6,9,3,1
"616","longer",5,5,6,9,4,4
"617","low",5,4,12,10,1,5
"618","lower",5,6,14,13,1,7
"619","mary",5,3,0,2,2,3
"620","may",5,4,4,4,7,2
"621","mean",5,7,11,6,3,10
"622","measure",5,5,8,3,2,4
"623","mike",5,1,5,7,2,2
"624","minimum",5,9,14,22,1,9
"625","missouri",5,0,5,1,1,3
"626","modern",5,2,1,3,2,1
"627","mother",5,2,4,1,1,0
"628","nafta",5,3,2,0,0,0
"629","nancy",5,3,2,4,4,4
"630","nelson",5,3,2,0,1,3
"631","nuclear",5,16,9,11,2,10
"632","nursing",5,2,2,2,0,0
"633","officer",5,4,6,10,1,8
"634","organization",5,5,2,4,3,1
"635","package",5,2,4,2,0,1
"636","pelosi",5,4,2,3,4,3
"637","product",5,2,5,8,1,8
"638","rank",5,4,10,9,0,7
"639","rape",5,4,15,7,6,3
"640","received",5,9,6,10,2,5
"641","research",5,6,3,11,0,0
"642","responsible",5,5,6,1,3,0
"643","result",5,9,13,10,2,2
"644","return",5,11,5,3,2,2
"645","rule",5,9,10,5,2,12
"646","russia",5,2,3,8,1,3
"647","sanction",5,2,3,3,1,1
"648","send",5,4,5,4,3,5
"649","sent",5,11,5,3,4,13
"650","served",5,5,1,2,0,5
"651","shut",5,2,8,1,3,2
"652","sign",5,6,6,3,5,1
"653","sold",5,1,3,4,3,2
"654","someone",5,0,3,4,1,6
"655","sponsored",5,5,1,3,5,4
"656","started",5,5,13,3,4,4
"657","syrian",5,3,3,2,1,2
"658","ted",5,10,5,4,9,4
"659","terrorism",5,2,1,3,1,5
"660","theyre",5,8,12,14,4,5
"661","told",5,11,6,6,4,2
"662","transportation",5,6,4,5,1,5
"663","treatment",5,5,1,1,3,1
"664","violence",5,3,2,10,2,11
"665","wanted",5,4,8,6,4,5
"666","watch",5,4,7,4,1,1
"667","win",5,2,4,3,1,3
"668","wont",5,2,3,4,3,0
"669","acces",4,6,8,8,2,5
"670","ad",4,5,6,4,4,3
"671","add",4,2,6,3,1,3
"672","adult",4,1,5,3,0,6
"673","african",4,5,9,7,5,15
"674","agenda",4,1,5,0,3,0
"675","agent",4,2,4,0,0,1
"676","alien",4,6,8,4,3,3
"677","along",4,4,1,2,1,0
"678","also",4,6,6,11,2,10
"679","anybody",4,5,3,5,2,1
"680","arent",4,2,2,2,1,1
"681","arkansa",4,1,1,1,1,1
"682","arrested",4,2,1,2,0,2
"683","asked",4,8,7,5,1,5
"684","assault",4,3,4,5,1,2
"685","background",4,3,9,8,1,11
"686","bad",4,3,1,2,3,0
"687","balance",4,3,2,9,1,4
"688","baldwin",4,4,1,4,0,0
"689","barrett",4,2,2,1,3,1
"690","basically",4,4,2,2,2,1
"691","become",4,6,2,9,4,2
"692","beginning",4,2,1,4,1,2
"693","best",4,6,7,9,0,8
"694","betty",4,2,0,0,1,0
"695","biggest",4,8,7,10,2,4
"696","bp",4,0,4,3,1,0
"697","bruce",4,1,3,2,0,0
"698","build",4,8,5,6,1,4
"699","burke",4,3,0,2,0,1
"700","canada",4,0,2,1,0,1
"701","capital",4,9,3,4,2,2
"702","citizenship",4,4,7,2,1,2
"703","closed",4,4,3,0,2,1
"704","coast",4,5,5,4,1,1
"705","completely",4,2,3,1,1,1
"706","constitution",4,4,6,1,6,3
"707","constitutional",4,2,2,1,1,5
"708","construction",4,4,3,5,2,2
"709","corporate",4,5,4,10,2,8
"710","corporation",4,3,10,8,0,6
"711","couldnt",4,5,2,6,0,2
"712","countrie",4,3,21,19,2,10
"713","crisi",4,1,7,5,1,4
"714","cutting",4,4,8,2,3,4
"715","davi",4,1,1,0,2,0
"716","deny",4,3,5,2,2,3
"717","die",4,3,2,7,1,5
"718","disabled",4,1,0,3,1,0
"719","discrimination",4,4,0,1,0,1
"720","door",4,1,1,0,1,1
"721","double",4,7,8,9,1,4
"722","driver",4,4,4,4,2,2
"723","drug",4,13,12,15,1,9
"724","due",4,5,9,11,5,5
"725","earth",4,1,3,8,1,5
"726","estate",4,4,3,1,3,4
"727","estimated",4,3,4,5,1,3
"728","everybody",4,9,2,2,1,2
"729","exist",4,2,1,3,0,3
"730","existing",4,4,3,2,2,3
"731","facing",4,1,1,3,0,0
"732","faith",4,0,1,1,0,0
"733","father",4,0,4,0,2,2
"734","favor",4,7,3,6,3,1
"735","felon",4,4,1,4,0,0
"736","fix",4,4,2,2,1,0
"737","flip",4,1,4,3,1,6
"738","found",4,8,11,6,7,4
"739","full",4,3,11,6,3,9
"740","girl",4,4,5,2,0,0
"741","grant",4,2,3,8,1,4
"742","granted",4,1,0,0,0,2
"743","growing",4,3,4,7,0,4
"744","guard",4,4,2,5,0,1
"745","head",4,3,1,4,3,2
"746","illinoi",4,8,8,2,2,5
"747","instead",4,3,3,1,2,3
"748","international",4,7,5,4,4,1
"749","investment",4,5,8,2,1,3
"750","islamic",4,5,4,2,4,2
"751","jack",4,1,0,1,1,1
"752","jeff",4,5,3,2,0,2
"753","june",4,2,3,2,2,0
"754","k",4,4,7,4,1,1
"755","keystone",4,4,2,1,1,3
"756","known",4,0,2,2,0,3
"757","koch",4,3,2,3,2,1
"758","leading",4,1,4,3,2,3
"759","light",4,5,3,1,4,4
"760","living",4,1,7,8,2,8
"761","love",4,1,0,1,1,0
"762","man",4,9,6,8,6,8
"763","management",4,3,0,2,2,1
"764","meeting",4,5,2,2,1,5
"765","michigan",4,2,2,2,2,0
"766","murder",4,5,9,5,1,4
"767","nine",4,4,2,8,1,6
"768","non",4,7,2,7,4,5
"769","offshore",4,1,3,3,1,3
"770","person",4,10,10,17,5,8
"771","political",4,10,9,12,1,5
"772","popular",4,1,3,7,1,5
"773","portland",4,3,5,2,1,3
"774","prayer",4,3,1,0,3,1
"775","pre",4,2,4,4,1,2
"776","privatize",4,0,5,1,3,2
"777","problem",4,6,7,3,3,4
"778","protection",4,5,3,5,4,2
"779","providence",4,3,3,7,4,4
"780","quarter",4,6,8,8,0,3
"781","r",4,6,1,0,0,1
"782","read",4,3,4,4,0,3
"783","reason",4,3,6,5,4,0
"784","refugee",4,7,3,5,1,3
"785","refused",4,7,3,5,2,4
"786","release",4,2,2,1,1,1
"787","released",4,7,8,3,5,2
"788","religiou",4,1,3,0,2,3
"789","representative",4,7,2,5,0,12
"790","resident",4,7,6,5,5,11
"791","respect",4,0,1,1,0,0
"792","rifle",4,2,1,1,1,3
"793","road",4,5,1,5,1,5
"794","ruled",4,0,2,0,0,1
"795","russian",4,0,1,2,1,1
"796","safe",4,0,3,2,1,2
"797","sandy",4,1,0,1,0,4
"798","save",4,10,6,10,2,9
"799","secretary",4,14,7,10,3,6
"800","seen",4,9,10,14,1,2
"801","sexual",4,4,5,2,1,1
"802","shot",4,2,4,6,0,1
"803","solution",4,1,1,2,1,4
"804","start",4,2,6,6,1,3
"805","step",4,3,4,4,0,0
"806","stock",4,2,1,1,1,0
"807","studie",4,5,3,3,0,0
"808","supply",4,1,1,4,0,1
"809","supporting",4,4,3,0,3,3
"810","sutton",4,1,0,0,1,0
"811","tammy",4,4,1,4,0,0
"812","target",4,2,1,0,0,1
"813","tell",4,7,5,1,4,3
"814","test",4,7,4,6,1,4
"815","threat",4,6,2,2,2,1
"816","tonight",4,1,0,0,0,0
"817","tough",4,0,1,1,0,4
"818","toward",4,2,4,4,1,3
"819","town",4,4,4,2,2,3
"820","trafficking",4,1,0,3,1,0
"821","trying",4,10,7,4,4,3
"822","typical",4,0,2,3,1,3
"823","university",4,4,11,13,5,10
"824","value",4,1,2,2,2,3
"825","video",4,2,2,1,2,2
"826","virtually",4,3,1,3,1,6
"827","welfare",4,7,3,7,5,4
"828","wendy",4,1,1,0,3,0
"829","west",4,5,6,5,0,2
"830","word",4,2,4,3,1,9
"831","workforce",4,1,7,3,0,1
"832","worst",4,5,12,14,1,7
"833","wouldnt",4,1,1,0,2,2
"834","young",4,7,14,9,2,6
"835","abbott",3,2,5,2,1,0
"836","account",3,3,6,9,1,8
"837","addres",3,3,1,7,0,4
"838","afghanistan",3,4,8,7,0,6
"839","age",3,7,5,9,3,5
"840","agencie",3,4,3,2,1,7
"841","agency",3,4,2,3,3,1
"842","air",3,7,10,7,4,3
"843","alway",3,3,4,4,0,2
"844","amnesty",3,5,5,4,6,1
"845","ann",3,0,1,1,0,0
"846","another",3,4,7,2,4,5
"847","anti",3,4,6,2,3,2
"848","approximately",3,4,2,4,3,5
"849","arab",3,2,1,1,0,0
"850","area",3,9,5,4,2,4
"851","auto",3,3,7,5,1,6
"852","available",3,5,3,1,0,1
"853","baby",3,4,0,0,2,3
"854","ballot",3,6,7,6,0,5
"855","bankruptcy",3,1,0,1,0,2
"856","barrel",3,1,0,3,1,3
"857","bay",3,1,2,3,1,1
"858","belief",3,0,3,0,2,1
"859","believe",3,13,7,8,3,8
"860","bob",3,1,3,1,1,2
"861","borrow",3,1,0,0,0,0
"862","bridge",3,9,5,5,1,5
"863","bureau",3,3,2,1,0,3
"864","camera",3,1,2,2,1,3
"865","cancer",3,3,5,7,4,2
"866","capitol",3,2,1,2,5,2
"867","cash",3,5,4,2,1,2
"868","changed",3,4,8,4,5,1
"869","chinese",3,0,4,4,3,0
"870","choice",3,3,10,3,5,3
"871","chose",3,2,2,1,0,1
"872","chri",3,11,12,9,1,3
"873","civil",3,3,2,4,0,3
"874","clearly",3,1,2,1,2,0
"875","clinic",3,0,0,1,1,0
"876","coal",3,6,3,3,0,4
"877","code",3,7,1,4,2,5
"878","coffman",3,0,0,1,0,0
"879","coming",3,7,0,8,5,4
"880","committee",3,3,9,9,1,7
"881","competitive",3,0,0,2,0,1
"882","conflict",3,1,0,3,0,1
"883","congressmen",3,0,1,2,0,1
"884","conservative",3,6,2,4,1,2
"885","continue",3,5,5,4,0,6
"886","contribution",3,14,6,4,1,7
"887","cornille",3,1,0,0,1,0
"888","costing",3,3,6,2,1,1
"889","couple",3,3,3,8,2,5
"890","d",3,2,4,4,3,2
"891","dan",3,5,4,1,3,2
"892","dead",3,1,1,4,1,3
"893","deer",3,1,0,0,1,1
"894","destroy",3,3,2,1,1,0
"895","direct",3,2,3,3,0,1
"896","driving",3,3,6,6,0,4
"897","earn",3,1,3,11,1,2
"898","earning",3,4,1,4,0,5
"899","ebola",3,3,1,3,2,0
"900","effort",3,6,5,2,4,4
"901","eighty",3,1,2,4,1,1
"902","elderly",3,0,2,0,0,3
"903","emergency",3,1,2,3,2,2
"904","emission",3,1,1,2,0,3
"905","employment",3,3,1,3,0,2
"906","enacted",3,2,0,4,0,3
"907","ended",3,0,4,5,0,1
"908","endorsed",3,5,2,2,2,3
"909","entire",3,9,8,12,3,18
"910","epa",3,3,0,2,3,2
"911","estimate",3,6,6,4,1,2
"912","event",3,2,2,3,2,0
"913","example",3,0,2,1,0,1
"914","expansion",3,6,5,6,1,4
"915","expected",3,2,3,0,1,1
"916","experience",3,8,9,4,3,4
"917","extreme",3,0,0,3,0,0
"918","fellow",3,0,1,0,1,4
"919","felony",3,3,1,2,0,0
"920","film",3,0,5,0,0,0
"921","financial",3,9,4,9,2,11
"922","flopped",3,0,3,3,1,4
"923","folk",3,2,7,4,0,3
"924","formed",3,0,1,0,0,0
"925","fox",3,3,4,3,2,4
"926","frank",3,2,2,1,2,0
"927","fraud",3,5,7,6,6,7
"928","giving",3,6,4,4,2,3
"929","goal",3,1,2,4,3,0
"930","gop",3,8,9,6,1,4
"931","graduate",3,3,6,6,0,2
"932","greg",3,1,5,3,1,0
"933","guy",3,2,4,1,3,2
"934","harder",3,1,3,1,1,0
"935","hasnt",3,7,4,3,2,3
"936","healthcare",3,2,3,1,2,0
"937","hearing",3,5,2,4,1,3
"938","hire",3,3,1,2,0,0
"939","historically",3,0,2,0,0,5
"940","hit",3,1,3,0,1,3
"941","hostage",3,0,2,0,1,0
"942","housing",3,2,9,5,1,0
"943","hurricane",3,3,0,2,0,1
"944","illegally",3,5,8,2,3,3
"945","important",3,2,1,1,1,2
"946","impose",3,1,1,0,2,1
"947","incest",3,0,1,4,2,2
"948","independent",3,2,6,3,3,5
"949","influence",3,1,4,0,0,0
"950","input",3,1,0,0,0,0
"951","insider",3,0,0,1,0,1
"952","institution",3,1,1,4,2,3
"953","introduced",3,0,0,2,1,2
"954","invested",3,2,2,2,0,3
"955","issued",3,1,6,3,0,2
"956","jail",3,6,4,4,4,1
"957","joined",3,1,1,0,3,1
"958","killing",3,3,0,2,2,1
"959","king",3,3,4,2,2,2
"960","kuster",3,0,0,0,0,0
"961","language",3,4,2,1,1,4
"962","later",3,1,0,2,2,1
"963","lawsuit",3,4,2,2,0,5
"964","legislator",3,2,1,3,0,4
"965","letter",3,5,2,1,1,2
"966","loophole",3,1,5,5,0,8
"967","mandated",3,1,1,0,1,1
"968","march",3,0,0,2,0,2
"969","martin",3,3,0,0,2,1
"970","matter",3,2,1,3,1,4
"971","median",3,2,4,5,0,1
"972","mention",3,1,1,0,0,1
"973","michael",3,4,3,0,1,1
"974","mile",3,4,7,2,1,6
"975","moving",3,4,3,4,1,2
"976","must",3,2,4,2,1,3
"977","name",3,4,7,2,4,2
"978","nathan",3,1,4,2,0,2
"979","natural",3,4,4,3,1,1
"980","neighborhood",3,3,2,2,0,1
"981","none",3,4,1,3,0,1
"982","nra",3,1,2,5,1,4
"983","offered",3,3,4,0,0,2
"984","online",3,1,1,6,1,1
"985","overall",3,1,3,0,1,3
"986","oversight",3,1,3,0,1,1
"987","owner",3,4,4,2,3,1
"988","page",3,1,4,4,2,3
"989","passe",3,3,1,0,1,1
"990","patrol",3,4,1,2,1,1
"991","pennsylvania",3,2,3,1,0,0
"992","perdue",3,0,3,3,0,0
"993","pick",3,3,1,0,1,0
"994","plane",3,1,2,2,1,1
"995","plu",3,2,2,3,2,0
"996","position",3,9,5,4,0,8
"997","potential",3,0,2,1,0,3
"998","pres",3,1,1,4,2,3
"999","presidency",3,3,4,2,4,2
"1000","previou",3,1,3,4,1,9
"1001","privatizing",3,1,2,0,0,0
"1002","probably",3,1,2,3,3,1
"1003","promise",3,6,3,3,0,6
"1004","proven",3,1,0,1,0,0
"1005","provision",3,8,3,2,2,3
"1006","rail",3,8,4,4,1,1
"1007","rather",3,2,1,0,1,0
"1008","rating",3,7,10,6,0,5
"1009","reality",3,1,2,0,0,0
"1010","receive",3,4,13,8,4,4
"1011","receiving",3,1,5,3,0,2
"1012","red",3,0,0,4,2,4
"1013","relocate",3,0,1,0,0,0
"1014","remove",3,2,2,4,0,4
"1015","repealed",3,1,1,1,0,0
"1016","reported",3,3,3,0,1,1
"1017","represent",3,3,3,3,2,2
"1018","request",3,1,2,1,1,2
"1019","requiring",3,3,1,2,0,1
"1020","resource",3,1,2,2,1,1
"1021","retiree",3,3,5,0,0,0
"1022","retirement",3,5,3,5,3,3
"1023","risk",3,4,4,4,5,2
"1024","robert",3,4,1,0,1,1
"1025","romneycare",3,1,0,1,0,1
"1026","ron",3,5,5,2,1,3
"1027","roy",3,0,3,0,1,0
"1028","saw",3,3,4,4,0,2
"1029","scheme",3,8,2,0,0,0
"1030","seeing",3,0,5,1,0,3
"1031","selling",3,3,0,0,2,1
"1032","sense",3,0,0,2,2,1
"1033","session",3,3,3,4,2,7
"1034","set",3,4,6,4,3,4
"1035","sheriff",3,3,1,3,1,1
"1036","sherrod",3,5,6,0,5,3
"1037","significant",3,5,5,2,2,2
"1038","significantly",3,1,3,1,1,2
"1039","simple",3,0,1,0,2,1
"1040","size",3,2,6,4,4,9
"1041","smaller",3,2,2,5,2,1
"1042","soldier",3,2,4,3,2,1
"1043","something",3,8,1,4,1,4
"1044","staff",3,4,3,3,1,4
"1045","stamp",3,2,5,8,5,6
"1046","standing",3,0,4,1,1,1
"1047","statistic",3,3,2,2,1,0
"1048","stephen",3,1,0,0,1,0
"1049","strip",3,1,1,4,0,0
"1050","study",3,10,10,11,2,1
"1051","succes",3,1,0,0,0,0
"1052","sun",3,0,1,0,1,0
"1053","supporter",3,5,2,2,0,0
"1054","surplu",3,5,8,8,0,0
"1055","syria",3,8,5,4,3,3
"1056","table",3,0,1,1,1,1
"1057","tea",3,2,2,2,4,1
"1058","temperature",3,1,0,0,0,1
"1059","ten",3,4,7,3,3,9
"1060","texan",3,2,0,6,1,3
"1061","theyve",3,2,3,7,2,2
"1062","though",3,1,5,4,2,2
"1063","thought",3,1,2,2,2,0
"1064","throughout",3,2,2,1,3,1
"1065","tim",3,3,6,3,3,2
"1066","travi",3,1,1,3,1,1
"1067","treasury",3,2,0,0,0,2
"1068","true",3,10,2,10,3,7
"1069","turn",3,5,2,11,0,2
"1070","turned",3,2,3,2,1,2
"1071","twice",3,6,8,9,2,9
"1072","universitie",3,1,4,5,0,2
"1073","va",3,3,0,2,2,0
"1074","vacation",3,1,3,1,2,0
"1075","vast",3,1,3,2,0,0
"1076","view",3,3,0,1,0,1
"1077","voucher",3,2,3,7,1,0
"1078","warming",3,6,1,3,1,4
"1079","warren",3,2,0,0,1,4
"1080","webster",3,1,0,2,0,1
"1081","whole",3,0,5,4,1,3
"1082","worked",3,11,4,7,2,3
"1083","wrote",3,7,3,2,4,2
"1084","accept",2,1,0,4,1,2
"1085","accepted",2,2,5,3,1,1
"1086","accepting",2,2,0,1,1,1
"1087","accountability",2,2,0,1,2,2
"1088","achievement",2,0,0,3,1,0
"1089","acros",2,4,8,7,5,6
"1090","adding",2,0,1,4,0,1
"1091","administrator",2,1,0,0,1,0
"1092","adoption",2,1,2,0,0,0
"1093","adviser",2,4,2,3,0,1
"1094","advocated",2,1,2,1,0,2
"1095","affect",2,1,1,1,0,5
"1096","afraid",2,0,1,0,0,0
"1097","agriculture",2,2,2,2,1,1
"1098","airplane",2,0,1,1,0,2
"1099","airport",2,4,4,4,2,1
"1100","al",2,1,7,3,2,3
"1101","alaska",2,5,1,1,2,5
"1102","allen",2,4,3,3,0,3
"1103","amazing",2,1,1,1,0,0
"1104","ambassador",2,0,1,0,3,0
"1105","announced",2,3,4,0,3,1
"1106","annual",2,3,3,3,0,10
"1107","annually",2,2,5,5,1,3
"1108","antonio",2,2,3,2,1,1
"1109","apparently",2,2,0,2,0,0
"1110","apply",2,1,1,3,0,1
"1111","appointed",2,2,3,0,0,1
"1112","approval",2,1,2,3,0,1
"1113","arena",2,0,1,1,0,2
"1114","argued",2,0,1,0,0,1
"1115","assembly",2,2,1,3,1,5
"1116","assistance",2,1,1,3,2,1
"1117","attempt",2,0,1,0,2,1
"1118","authored",2,1,1,1,0,1
"1119","automatic",2,3,4,1,0,0
"1120","backed",2,3,1,1,3,2
"1121","barbara",2,2,0,4,1,0
"1122","barely",2,3,1,2,0,2
"1123","bas",2,0,1,0,0,0
"1124","basi",2,1,0,3,0,1
"1125","basic",2,1,3,6,1,1
"1126","bathroom",2,1,0,0,3,0
"1127","begin",2,2,4,1,0,0
"1128","bennet",2,1,1,0,1,0
"1129","billionaire",2,3,5,0,0,0
"1130","block",2,2,0,0,0,6
"1131","body",2,4,0,0,2,2
"1132","bond",2,4,13,1,0,1
"1133","born",2,10,5,7,3,9
"1134","boxer",2,2,0,1,1,0
"1135","broke",2,7,2,2,3,4
"1136","brought",2,3,3,3,0,5
"1137","broward",2,2,3,1,1,0
"1138","building",2,14,8,3,0,5
"1139","bulb",2,3,1,0,4,0
"1140","buse",2,0,1,1,0,1
"1141","campaigned",2,1,1,1,0,2
"1142","capita",2,4,6,2,0,6
"1143","carbon",2,3,1,1,1,3
"1144","carlo",2,2,2,1,0,0
"1145","cbo",2,0,3,1,0,0
"1146","cell",2,3,0,2,1,1
"1147","century",2,2,2,6,0,3
"1148","ceo",2,2,3,7,1,3
"1149","chairman",2,2,4,1,1,2
"1150","challenge",2,2,1,1,1,0
"1151","champion",2,0,1,0,0,0
"1152","chance",2,2,2,5,1,1
"1153","chemical",2,1,2,2,0,1
"1154","chief",2,1,2,1,1,2
"1155","childhood",2,0,0,3,0,1
"1156","choose",2,2,2,3,0,2
"1157","christie",2,8,9,9,0,5
"1158","christma",2,2,3,0,3,1
"1159","church",2,3,0,1,1,1
"1160","citation",2,0,1,2,0,0
"1161","citie",2,3,11,8,2,8
"1162","classe",2,1,1,0,0,1
"1163","clean",2,1,3,2,0,2
"1164","club",2,0,2,2,2,3
"1165","commercial",2,3,4,2,0,2
"1166","commissioner",2,6,3,2,2,1
"1167","commit",2,4,0,3,1,0
"1168","communitie",2,2,5,3,2,2
"1169","compromise",2,0,0,1,0,1
"1170","connie",2,1,2,3,0,0
"1171","considering",2,0,0,0,3,0
"1172","consistently",2,2,0,2,0,0
"1173","consumer",2,5,1,4,1,7
"1174","contraception",2,0,2,1,0,1
"1175","contribute",2,0,2,2,0,1
"1176","controlled",2,4,1,5,1,1
"1177","corruption",2,2,0,0,2,0
"1178","corzine",2,0,0,3,0,3
"1179","costly",2,0,1,0,0,1
"1180","course",2,2,3,2,1,1
"1181","covered",2,4,5,2,1,2
"1182","creating",2,4,3,3,2,5
"1183","crossing",2,2,3,4,0,2
"1184","dangerou",2,0,3,0,2,0
"1185","daniel",2,1,1,2,0,0
"1186","dave",2,1,1,1,1,0
"1187","de",2,2,1,0,1,0
"1188","dealing",2,2,2,2,0,1
"1189","decided",2,4,0,3,0,2
"1190","decreased",2,1,3,0,2,2
"1191","definition",2,1,1,0,0,1
"1192","defund",2,0,0,1,0,2
"1193","delivered",2,1,3,3,1,1
"1194","demand",2,3,1,1,0,2
"1195","denied",2,2,2,1,1,1
"1196","despite",2,2,3,4,1,2
"1197","developed",2,0,3,2,0,2
"1198","developer",2,1,0,1,0,1
"1199","device",2,0,1,3,1,0
"1200","died",2,4,2,2,2,6
"1201","dime",2,1,2,3,1,0
"1202","directly",2,3,1,0,1,1
"1203","director",2,6,1,4,1,2
"1204","disaster",2,3,3,1,2,0
"1205","disastrou",2,0,1,0,0,0
"1206","discretionary",2,1,3,1,0,4
"1207","domestic",2,5,6,7,4,11
"1208","donation",2,0,1,1,3,2
"1209","done",2,8,9,8,3,7
"1210","donor",2,4,3,2,0,2
"1211","dozen",2,1,2,1,2,2
"1212","dramatically",2,1,0,3,1,1
"1213","drive",2,3,2,0,2,5
"1214","driven",2,1,0,2,0,1
"1215","drove",2,0,3,1,1,0
"1216","drunken",2,0,0,2,0,0
"1217","early",2,4,4,8,3,7
"1218","earmark",2,8,3,7,1,7
"1219","earner",2,2,0,1,0,5
"1220","east",2,3,4,4,0,3
"1221","effect",2,5,3,5,3,2
"1222","electric",2,3,2,2,2,5
"1223","eliminate",2,3,5,4,1,2
"1224","enforce",2,2,4,0,0,0
"1225","english",2,4,2,0,0,1
"1226","enough",2,3,6,8,1,11
"1227","environmental",2,3,3,2,1,1
"1228","equal",2,5,3,8,1,3
"1229","equivalent",2,1,5,3,0,3
"1230","eric",2,4,8,2,2,1
"1231","essentially",2,5,1,2,0,1
"1232","ethanol",2,0,3,3,0,0
"1233","everything",2,2,4,0,2,2
"1234","evidence",2,4,3,3,1,3
"1235","exactly",2,4,1,0,0,0
"1236","exam",2,1,2,0,1,1
"1237","except",2,1,4,4,2,2
"1238","exchange",2,3,3,3,1,2
"1239","exemption",2,0,1,1,0,2
"1240","expense",2,0,3,2,1,4
"1241","expensive",2,3,1,5,2,1
"1242","expire",2,3,0,0,0,0
"1243","export",2,3,2,0,0,2
"1244","extended",2,1,2,1,0,0
"1245","extending",2,2,3,0,0,1
"1246","extra",2,3,4,5,0,0
"1247","faced",2,1,4,1,0,0
"1248","factor",2,1,2,1,0,0
"1249","false",2,1,4,1,1,2
"1250","fastest",2,2,4,5,0,4
"1251","fbi",2,6,2,1,3,6
"1252","fed",2,0,2,2,0,1
"1253","feet",2,3,0,0,0,2
"1254","female",2,1,4,2,1,1
"1255","ferguson",2,1,0,1,3,0
"1256","fifteen",2,1,0,0,0,2
"1257","fifth",2,1,2,6,1,4
"1258","fifty",2,2,0,4,0,0
"1259","fighting",2,0,3,4,3,3
"1260","figure",2,4,4,5,0,1
"1261","filled",2,0,2,0,0,2
"1262","finance",2,3,4,0,2,5
"1263","find",2,4,6,7,3,6
"1264","fire",2,2,5,10,7,6
"1265","fired",2,4,2,1,2,3
"1266","firefighter",2,4,1,4,0,2
"1267","firm",2,1,4,1,0,1
"1268","flat",2,2,4,3,0,2
"1269","flood",2,1,1,1,1,0
"1270","following",2,1,3,0,0,1
"1271","football",2,5,3,2,2,0
"1272","freddie",2,0,2,0,2,1
"1273","function",2,2,1,0,0,0
"1274","fundraiser",2,0,3,2,0,2
"1275","future",2,3,8,2,0,2
"1276","gain",2,5,5,6,1,4
"1277","game",2,2,1,3,2,2
"1278","gasoline",2,4,1,4,2,2
"1279","gender",2,1,1,0,0,1
"1280","generated",2,0,4,0,0,1
"1281","gerald",2,1,0,1,0,1
"1282","google",2,2,1,1,0,0
"1283","green",2,3,2,1,1,2
"1284","grow",2,0,2,1,0,0
"1285","grown",2,2,5,6,0,6
"1286","guaranteed",2,0,1,2,0,1
"1287","gutted",2,1,2,0,1,0
"1288","hampshire",2,2,5,4,2,4
"1289","happen",2,4,4,4,1,3
"1290","hard",2,4,5,3,1,1
"1291","harm",2,0,0,2,0,0
"1292","hassan",2,0,3,2,1,0
"1293","havent",2,1,4,3,1,1
"1294","hed",2,0,1,2,0,1
"1295","highway",2,1,2,1,0,1
"1296","hired",2,3,2,0,0,2
"1297","hiring",2,0,1,1,1,1
"1298","historic",2,1,6,0,0,4
"1299","hold",2,2,0,3,0,3
"1300","homeland",2,1,0,2,1,1
"1301","homeles",2,3,3,4,0,0
"1302","hood",2,1,1,1,2,0
"1303","houston",2,4,5,2,0,2
"1304","hurt",2,3,1,1,0,0
"1305","identification",2,1,2,2,0,2
"1306","illnes",2,0,0,1,0,1
"1307","impact",2,6,4,4,2,1
"1308","implementation",2,1,1,0,0,1
"1309","inflation",2,3,2,6,1,1
"1310","inherited",2,1,2,2,1,0
"1311","inspection",2,1,2,1,0,0
"1312","interview",2,5,0,3,0,4
"1313","investigated",2,1,1,1,0,0
"1314","iowa",2,3,4,3,1,2
"1315","isnt",2,0,4,1,2,2
"1316","israel",2,7,6,5,3,2
"1317","item",2,1,2,3,1,2
"1318","japan",2,0,3,2,1,1
"1319","jason",2,2,0,1,1,1
"1320","jewish",2,2,0,0,1,0
"1321","jobles",2,2,1,1,0,0
"1322","johnson",2,5,8,4,1,5
"1323","julie",2,1,1,0,0,0
"1324","kaine",2,2,4,3,2,1
"1325","kennedy",2,4,1,3,1,0
"1326","kicking",2,0,2,0,0,0
"1327","korea",2,2,3,6,1,0
"1328","lack",2,0,1,2,1,1
"1329","langevin",2,1,2,0,0,1
"1330","late",2,2,1,1,1,0
"1331","latest",2,3,1,0,0,0
"1332","lawmaker",2,5,4,4,1,4
"1333","lawyer",2,1,0,6,2,5
"1334","lead",2,4,5,2,5,1
"1335","legalize",2,0,1,0,0,0
"1336","legally",2,5,3,6,0,5
"1337","legislative",2,7,1,4,0,1
"1338","libya",2,4,3,3,2,1
"1339","license",2,4,5,6,0,6
"1340","lie",2,6,2,1,1,3
"1341","lived",2,1,1,0,1,3
"1342","looking",2,4,7,1,3,3
"1343","luther",2,2,1,0,1,1
"1344","machine",2,0,0,5,2,1
"1345","mack",2,1,3,3,0,0
"1346","maggie",2,0,3,2,0,0
"1347","mail",2,4,0,4,2,2
"1348","male",2,2,4,4,0,1
"1349","manager",2,2,2,0,0,1
"1350","manufacturing",2,1,11,5,0,2
"1351","marine",2,0,2,0,1,1
"1352","marxist",2,0,0,0,2,0
"1353","mas",2,3,9,2,1,3
"1354","mcauliffe",2,4,0,0,0,1
"1355","mcconnell",2,2,2,2,0,1
"1356","medal",2,0,1,1,0,0
"1357","miami",2,5,3,2,0,2
"1358","michelle",2,1,2,1,2,0
"1359","milk",2,0,1,2,1,0
"1360","mill",2,1,0,0,0,3
"1361","mine",2,3,2,3,0,2
"1362","minority",2,1,5,1,0,1
"1363","minute",2,0,2,5,0,2
"1364","mitch",2,2,2,2,0,1
"1365","morgan",2,1,0,1,0,0
"1366","mortality",2,0,6,1,0,2
"1367","named",2,1,2,1,1,1
"1368","nationally",2,0,7,7,0,0
"1369","nationwide",2,0,0,1,2,2
"1370","needed",2,1,4,2,0,1
"1371","negotiating",2,1,0,1,1,1
"1372","negotiation",2,3,2,1,0,0
"1373","nevada",2,5,3,3,0,3
"1374","newark",2,2,1,2,0,0
"1375","newly",2,1,0,2,1,0
"1376","ninety",2,1,1,5,1,3
"1377","nominee",2,10,9,9,0,1
"1378","northeast",2,0,2,1,0,0
"1379","northern",2,2,2,2,0,1
"1380","nunn",2,0,2,1,0,0
"1381","occurred",2,0,0,2,0,2
"1382","offer",2,2,1,2,3,1
"1383","onto",2,1,0,2,0,0
"1384","operating",2,0,4,0,0,1
"1385","opinion",2,2,2,1,0,0
"1386","oppose",2,5,9,4,0,5
"1387","opposition",2,1,0,1,3,2
"1388","other",2,2,2,0,0,2
"1389","outspent",2,0,0,0,1,0
"1390","oversea",2,6,7,0,1,3
"1391","overwhelming",2,1,3,1,0,1
"1392","owned",2,3,2,4,0,2
"1393","pacific",2,3,3,3,1,2
"1394","palin",2,5,1,2,5,4
"1395","parent",2,6,6,2,2,4
"1396","park",2,5,4,3,3,6
"1397","particularly",2,0,1,0,1,1
"1398","partnership",2,3,2,4,1,0
"1399","pat",2,2,3,1,1,1
"1400","path",2,1,3,3,1,0
"1401","payroll",2,3,7,2,1,2
"1402","penaltie",2,1,0,1,0,0
"1403","pentagon",2,2,2,0,0,4
"1404","period",2,1,4,7,0,2
"1405","permanent",2,1,1,2,1,4
"1406","permit",2,5,2,2,0,5
"1407","personally",2,2,1,1,0,0
"1408","personnel",2,3,0,2,0,3
"1409","phone",2,3,2,7,1,4
"1410","pinella",2,3,0,0,0,0
"1411","plant",2,8,4,5,2,7
"1412","pledge",2,5,2,1,1,0
"1413","pledged",2,0,3,2,0,0
"1414","pocket",2,1,2,4,0,0
"1415","pollution",2,1,2,3,0,1
"1416","poor",2,4,6,7,1,1
"1417","possible",2,2,4,2,0,2
"1418","pot",2,2,3,3,0,1
"1419","pretty",2,3,1,3,0,0
"1420","prevention",2,0,0,2,3,2
"1421","prison",2,2,6,7,1,9
"1422","prisoner",2,2,2,1,0,0
"1423","promote",2,2,0,1,2,0
"1424","propose",2,2,1,2,0,0
"1425","proposition",2,2,1,0,1,1
"1426","protected",2,2,1,2,0,0
"1427","protester",2,3,1,0,6,2
"1428","pryor",2,1,0,1,0,0
"1429","pupil",2,0,2,4,0,1
"1430","pushing",2,2,1,0,0,1
"1431","qualify",2,0,1,2,1,1
"1432","question",2,7,3,4,2,4
"1433","radical",2,2,0,0,4,2
"1434","raid",2,1,0,1,2,0
"1435","rainy",2,0,3,1,0,4
"1436","ranked",2,3,5,3,0,2
"1437","re",2,3,4,3,1,4
"1438","really",2,6,7,3,4,2
"1439","recession",2,3,2,7,1,6
"1440","recipient",2,3,4,1,0,0
"1441","reducing",2,1,4,2,0,1
"1442","refuse",2,2,3,1,0,1
"1443","registered",2,3,4,2,0,4
"1444","regulatory",2,0,4,1,1,1
"1445","reid",2,6,3,3,0,3
"1446","related",2,4,5,1,4,3
"1447","renacci",2,4,2,1,1,1
"1448","renewable",2,1,3,0,0,0
"1449","replace",2,3,2,2,0,0
"1450","required",2,3,6,6,3,7
"1451","requirement",2,3,4,1,2,1
"1452","rest",2,1,6,1,0,5
"1453","restore",2,2,1,1,2,0
"1454","review",2,2,2,2,1,2
"1455","rich",2,2,1,7,0,2
"1456","richmond",2,1,1,2,0,0
"1457","rid",2,2,1,0,2,4
"1458","ride",2,0,3,2,1,1
"1459","room",2,1,1,2,1,2
"1460","rose",2,0,1,0,2,1
"1461","salary",2,3,6,3,1,1
"1462","san",2,2,3,3,2,2
"1463","scandal",2,1,2,1,0,0
"1464","seat",2,3,2,3,3,3
"1465","secret",2,3,2,2,2,2
"1466","secure",2,0,2,0,1,0
"1467","seeking",2,1,2,0,1,1
"1468","self",2,4,2,3,1,0
"1469","sell",2,4,2,3,4,4
"1470","sentence",2,1,1,1,0,1
"1471","serving",2,2,5,1,6,5
"1472","sexually",2,0,0,1,1,0
"1473","shaheen",2,2,0,1,0,0
"1474","she",2,4,0,1,2,0
"1475","shoot",2,0,1,0,2,0
"1476","showed",2,4,1,0,1,0
"1477","similar",2,3,3,1,1,4
"1478","simply",2,4,5,3,2,3
"1479","sit",2,2,2,0,0,0
"1480","sixty",2,2,1,1,0,2
"1481","smart",2,2,2,2,0,0
"1482","sotomayor",2,2,5,1,0,1
"1483","source",2,4,3,1,1,1
"1484","south",2,8,5,8,2,7
"1485","speaker",2,8,6,8,1,5
"1486","specifically",2,2,3,1,2,2
"1487","speech",2,8,1,1,0,1
"1488","speed",2,5,4,2,1,0
"1489","spring",2,2,1,1,0,0
"1490","steven",2,0,1,1,1,1
"1491","stopped",2,1,8,3,0,5
"1492","store",2,1,1,2,1,1
"1493","storm",2,0,0,3,0,0
"1494","straight",2,1,3,3,1,5
"1495","strike",2,3,6,4,0,3
"1496","subject",2,3,0,2,1,0
"1497","successful",2,3,4,2,0,2
"1498","sued",2,1,1,0,0,3
"1499","sure",2,4,1,4,1,1
"1500","surpassed",2,0,2,1,0,0
"1501","suspect",2,1,0,0,0,3
"1502","takeover",2,3,0,0,4,1
"1503","talk",2,5,1,2,2,2
"1504","taxed",2,5,2,1,0,0
"1505","teach",2,2,1,0,4,0
"1506","testing",2,2,3,3,1,1
"1507","textbook",2,0,1,1,1,0
"1508","thank",2,5,10,6,3,1
"1509","ticket",2,1,0,3,0,1
"1510","tobacco",2,0,1,1,0,2
"1511","together",2,5,3,7,2,1
"1512","toll",2,1,0,3,0,4
"1513","tourism",2,1,0,1,0,2
"1514","toy",2,0,1,0,0,0
"1515","training",2,1,4,2,1,2
"1516","tran",2,3,2,4,1,1
"1517","transfer",2,0,0,1,0,1
"1518","treat",2,1,2,0,0,0
"1519","trend",2,0,2,1,0,1
"1520","try",2,1,2,3,0,0
"1521","tv",2,3,1,4,1,1
"1522","twitter",2,1,0,2,0,1
"1523","ultrasound",2,0,2,2,1,0
"1524","uncompensated",2,0,1,0,0,1
"1525","unconstitutional",2,3,0,1,0,1
"1526","uninsured",2,1,3,4,1,8
"1527","unlike",2,2,1,2,0,2
"1528","vehicle",2,4,1,1,0,2
"1529","vet",2,1,0,0,1,1
"1530","vietnam",2,1,1,1,0,1
"1531","violated",2,0,0,2,0,1
"1532","violation",2,0,2,1,2,2
"1533","visit",2,3,1,0,0,1
"1534","visited",2,0,0,0,1,1
"1535","waiting",2,0,2,1,1,1
"1536","walking",2,2,1,0,0,0
"1537","walmart",2,0,1,1,0,2
"1538","warning",2,1,2,0,0,0
"1539","wasnt",2,1,1,3,0,3
"1540","waste",2,2,2,5,1,1
"1541","wealth",2,2,3,6,0,8
"1542","wealthy",2,3,5,4,1,1
"1543","website",2,4,1,3,1,0
"1544","werent",2,1,1,1,0,2
"1545","whose",2,1,0,2,0,0
"1546","william",2,3,2,1,0,3
"1547","wind",2,4,4,3,1,5
"1548","wing",2,2,2,1,1,0
"1549","wiped",2,0,2,1,0,0
"1550","wisconsinite",2,5,0,1,0,0
"1551","within",2,5,4,7,0,8
"1552","woman",2,5,4,5,1,9
"1553","won",2,4,8,8,2,9
"1554","wrong",2,2,3,5,0,5
"1555","xl",2,3,1,1,1,2
"1556","youth",2,1,5,3,0,1
"1557","",1,0,5,3,0,0
"1558","abc",1,0,0,0,0,3
"1559","abolish",1,3,1,0,0,1
"1560","absolutely",1,2,1,2,3,1
"1561","abuse",1,3,1,1,0,6
"1562","abuser",1,0,1,0,0,5
"1563","academic",1,1,0,1,0,0
"1564","acorn",1,3,1,0,0,0
"1565","active",1,0,2,1,1,2
"1566","actively",1,1,0,1,1,0
"1567","activist",1,2,1,1,0,0
"1568","activity",1,3,3,3,1,1
"1569","actual",1,1,3,4,1,1
"1570","adam",1,0,2,2,0,0
"1571","adjusted",1,0,4,2,0,0
"1572","adopting",1,0,1,1,0,0
"1573","advantage",1,3,3,0,1,1
"1574","affair",1,3,1,1,1,1
"1575","afford",1,2,2,4,1,0
"1576","africa",1,4,1,8,0,4
"1577","agree",1,1,3,6,0,4
"1578","ahmadinejad",1,1,0,0,0,1
"1579","aig",1,1,2,2,0,2
"1580","aircraft",1,4,0,0,1,1
"1581","alcohol",1,5,3,3,0,2
"1582","allie",1,2,1,1,0,1
"1583","amtrak",1,0,2,0,0,1
"1584","animal",1,3,4,0,0,2
"1585","answer",1,1,1,3,3,0
"1586","anymore",1,0,0,0,1,1
"1587","anywhere",1,2,6,5,0,3
"1588","appeal",1,2,2,2,0,0
"1589","approach",1,1,1,3,0,0
"1590","appropriation",1,0,1,1,0,2
"1591","approve",1,1,3,2,1,2
"1592","april",1,1,1,3,1,1
"1593","art",1,1,2,2,0,1
"1594","ask",1,4,8,2,0,2
"1595","assad",1,1,2,1,0,0
"1596","associated",1,1,3,2,0,4
"1597","association",1,1,0,1,1,1
"1598","attend",1,0,1,5,1,3
"1599","audit",1,1,0,1,1,4
"1600","avoid",1,2,4,1,1,2
"1601","babie",1,4,3,3,4,3
"1602","backlog",1,2,0,0,1,2
"1603","banned",1,0,2,3,3,1
"1604","banning",1,2,2,2,1,0
"1605","barred",1,0,2,1,0,1
"1606","base",1,2,0,3,1,2
"1607","based",1,3,4,8,2,3
"1608","basketball",1,0,1,1,0,1
"1609","battlefield",1,2,1,0,0,1
"1610","bear",1,2,1,2,1,1
"1611","bed",1,2,1,0,0,0
"1612","beer",1,2,1,1,0,4
"1613","benjamin",1,0,1,1,1,0
"1614","bernie",1,4,7,6,5,4
"1615","beyond",1,0,3,1,0,0
"1616","bible",1,1,2,0,0,1
"1617","bicycle",1,0,3,1,1,1
"1618","biennium",1,1,1,0,0,0
"1619","bigger",1,1,1,1,1,5
"1620","bin",1,1,4,0,1,0
"1621","black",1,16,19,7,5,6
"1622","blame",1,1,1,0,1,0
"1623","blocked",1,2,3,3,0,1
"1624","boehner",1,1,2,0,1,0
"1625","bonuse",1,2,1,4,1,0
"1626","borrowing",1,2,2,2,1,1
"1627","boston",1,0,0,1,1,2
"1628","bowl",1,2,1,2,3,1
"1629","bradley",1,1,1,1,0,0
"1630","brand",1,0,1,1,0,0
"1631","buck",1,2,4,1,0,4
"1632","buffett",1,2,1,1,1,4
"1633","built",1,5,5,3,2,1
"1634","bullet",1,0,1,0,1,2
"1635","burden",1,1,3,2,0,0
"1636","canadian",1,2,0,1,2,3
"1637","cantor",1,1,2,1,2,1
"1638","cartel",1,2,0,1,0,1
"1639","casino",1,0,2,3,0,1
"1640","castro",1,0,0,1,0,1
"1641","caught",1,0,3,0,2,2
"1642","caused",1,4,7,4,4,3
"1643","causing",1,2,0,0,1,0
"1644","ceiling",1,3,1,5,0,6
"1645","celebrate",1,1,0,1,1,0
"1646","certain",1,1,2,1,3,3
"1647","certificate",1,3,1,0,1,0
"1648","challenger",1,2,2,0,0,4
"1649","chamber",1,2,2,0,0,4
"1650","cicilline",1,6,0,2,1,2
"1651","clarke",1,0,0,2,0,0
"1652","cleveland",1,1,2,0,0,2
"1653","close",1,8,8,6,3,7
"1654","closing",1,4,1,1,0,1
"1655","clunker",1,3,2,0,0,0
"1656","co",1,2,4,3,5,6
"1657","collect",1,1,1,0,0,2
"1658","collected",1,3,1,1,0,0
"1659","color",1,1,2,1,0,1
"1660","colorado",1,4,6,2,0,0
"1661","columbia",1,1,2,1,3,1
"1662","combat",1,2,1,2,0,1
"1663","commerce",1,4,3,3,0,2
"1664","committed",1,0,5,3,1,1
"1665","commonwealth",1,1,0,0,1,3
"1666","communist",1,1,0,2,3,1
"1667","compact",1,0,1,2,1,0
"1668","compare",1,0,2,3,0,0
"1669","compensation",1,0,0,0,1,4
"1670","computer",1,4,3,1,0,1
"1671","concealed",1,0,3,3,0,2
"1672","conclude",1,1,0,1,0,0
"1673","consecutive",1,4,2,1,0,5
"1674","consent",1,0,3,0,0,0
"1675","considered",1,1,4,2,1,1
"1676","contributor",1,2,0,1,0,1
"1677","convention",1,3,1,6,0,4
"1678","cory",1,0,3,0,1,0
"1679","cotton",1,1,1,1,1,0
"1680","count",1,1,2,5,1,3
"1681","countie",1,3,0,6,0,8
"1682","counting",1,1,0,1,2,0
"1683","crash",1,1,2,2,0,0
"1684","crashe",1,2,1,3,0,0
"1685","d.c",1,3,6,3,2,5
"1686","dalla",1,3,4,3,0,5
"1687","damage",1,1,0,2,3,0
"1688","date",1,3,4,2,1,1
"1689","dating",1,0,1,3,0,0
"1690","daughter",1,0,2,1,0,2
"1691","dealer",1,2,1,2,0,3
"1692","decide",1,3,1,0,1,0
"1693","decline",1,2,3,3,0,1
"1694","defeat",1,0,3,1,1,0
"1695","defined",1,0,2,0,1,0
"1696","dekalb",1,0,1,5,0,1
"1697","delayed",1,2,2,2,2,0
"1698","delaying",1,0,1,0,0,1
"1699","depend",1,1,0,2,1,0
"1700","deport",1,2,2,1,0,0
"1701","deposition",1,0,1,1,0,0
"1702","detainee",1,2,2,2,1,2
"1703","dewhurst",1,3,2,2,1,0
"1704","difficult",1,1,3,1,0,0
"1705","digit",1,1,3,3,0,0
"1706","diploma",1,0,2,1,0,3
"1707","disability",1,2,1,0,0,3
"1708","disease",1,2,2,4,3,2
"1709","document",1,0,2,0,3,0
"1710","documented",1,0,1,1,0,1
"1711","dog",1,2,3,3,1,4
"1712","donated",1,0,2,1,0,1
"1713","doubt",1,0,1,2,0,0
"1714","downgrade",1,1,0,1,0,0
"1715","dramatic",1,3,1,1,0,1
"1716","dream",1,3,2,3,0,4
"1717","drink",1,0,5,0,1,1
"1718","drunk",1,0,1,2,0,3
"1719","earlier",1,0,2,0,1,2
"1720","ed",1,0,1,2,2,1
"1721","educated",1,0,2,1,0,0
"1722","effective",1,3,3,1,1,2
"1723","effectively",1,1,1,1,1,1
"1724","efficiency",1,1,3,1,0,0
"1725","eisenhower",1,3,2,2,0,1
"1726","elect",1,2,1,2,3,1
"1727","electricity",1,0,1,3,1,1
"1728","elementary",1,0,3,3,0,0
"1729","eligible",1,3,0,1,2,5
"1730","eliminated",1,3,4,3,1,4
"1731","eliminating",1,1,2,4,1,1
"1732","employed",1,1,3,0,1,1
"1733","ending",1,1,2,1,1,2
"1734","endorse",1,2,0,0,3,1
"1735","enforcement",1,4,6,3,0,2
"1736","england",1,0,5,2,1,1
"1737","enroll",1,1,1,1,0,0
"1738","enrollee",1,3,0,1,0,0
"1739","ensure",1,1,2,1,1,0
"1740","entirely",1,1,1,1,0,1
"1741","entitlement",1,1,1,0,0,2
"1742","equipment",1,1,0,0,0,2
"1743","era",1,2,1,5,0,1
"1744","especially",1,1,0,1,0,1
"1745","europe",1,3,3,2,0,0
"1746","exempt",1,3,0,2,1,2
"1747","existence",1,1,1,1,0,0
"1748","expand",1,4,3,2,2,1
"1749","expanded",1,1,3,4,0,3
"1750","expanding",1,4,4,2,0,1
"1751","experienced",1,0,3,1,0,1
"1752","extremist",1,2,3,3,2,0
"1753","face",1,5,3,0,8,0
"1754","facebook",1,1,1,1,2,2
"1755","fail",1,3,0,1,1,0
"1756","fall",1,2,2,4,1,3
"1757","fallen",1,2,1,3,0,1
"1758","fare",1,0,0,2,0,0
"1759","fast",1,1,2,3,0,2
"1760","fatalitie",1,2,3,3,0,4
"1761","federally",1,0,0,1,1,1
"1762","felonie",1,0,1,3,0,1
"1763","field",1,5,6,2,1,1
"1764","filed",1,0,0,1,3,1
"1765","filibuster",1,4,0,1,0,0
"1766","finish",1,1,0,3,0,0
"1767","fiorina",1,0,0,3,0,0
"1768","fiscal",1,5,12,4,1,4
"1769","flight",1,2,2,1,0,0
"1770","flow",1,2,3,1,1,0
"1771","focused",1,2,0,1,0,1
"1772","foot",1,0,1,2,0,0
"1773","foreclosure",1,1,1,3,1,3
"1774","form",1,8,4,3,1,1
"1775","fort",1,1,3,0,2,2
"1776","fortune",1,0,2,4,0,0
"1777","forty",1,2,1,9,1,4
"1778","forward",1,2,4,2,0,2
"1779","founder",1,3,1,1,2,1
"1780","fourth",1,3,5,5,0,1
"1781","freedom",1,3,3,3,1,0
"1782","freeze",1,1,0,0,0,2
"1783","friendly",1,1,3,1,0,0
"1784","front",1,0,2,2,2,1
"1785","fuel",1,3,2,2,1,4
"1786","fulton",1,1,0,3,0,1
"1787","gang",1,3,3,0,0,1
"1788","generate",1,0,2,6,1,0
"1789","generation",1,0,4,4,0,2
"1790","generou",1,1,2,1,0,1
"1791","georgian",1,0,1,3,0,1
"1792","gift",1,0,3,2,0,0
"1793","gingrich",1,2,3,5,3,7
"1794","gold",1,2,2,1,3,0
"1795","gore",1,0,2,0,0,1
"1796","grade",1,3,3,5,1,4
"1797","graduation",1,2,11,7,0,3
"1798","greater",1,3,8,3,0,5
"1799","greenhouse",1,3,0,2,0,1
"1800","grew",1,3,4,8,0,2
"1801","gros",1,1,1,2,1,5
"1802","ground",1,4,5,1,0,2
"1803","guantanamo",1,4,3,2,0,2
"1804","gubernatorial",1,2,2,2,1,2
"1805","gues",1,2,0,1,2,0
"1806","guilty",1,1,1,0,0,2
"1807","hammer",1,0,0,0,1,2
"1808","harry",1,6,4,2,0,4
"1809","hca",1,0,1,1,1,0
"1810","headquarter",1,1,1,0,2,3
"1811","healthy",1,1,2,2,1,0
"1812","hear",1,0,0,1,1,3
"1813","heard",1,4,1,2,1,1
"1814","heart",1,2,2,1,0,1
"1815","hedge",1,3,0,0,0,1
"1816","helicopter",1,2,1,1,0,0
"1817","hidden",1,2,0,0,1,2
"1818","hide",1,0,1,0,1,2
"1819","historical",1,1,2,0,0,0
"1820","holder",1,2,5,0,0,2
"1821","hole",1,0,3,0,0,1
"1822","holiday",1,2,4,0,4,1
"1823","homicide",1,2,3,4,4,2
"1824","homosexuality",1,2,0,0,0,0
"1825","hope",1,2,3,3,1,1
"1826","horse",1,0,2,0,2,0
"1827","hunting",1,3,1,1,0,1
"1828","hurd",1,0,2,0,0,1
"1829","husband",1,3,2,2,0,1
"1830","hussein",1,1,0,0,4,1
"1831","ii",1,2,6,3,1,4
"1832","immediate",1,0,1,0,0,2
"1833","included",1,5,2,0,0,3
"1834","information",1,4,4,2,2,0
"1835","injured",1,1,0,0,0,1
"1836","inmate",1,4,2,1,0,3
"1837","inside",1,2,0,0,2,1
"1838","institute",1,1,1,1,0,1
"1839","instruction",1,1,0,0,1,0
"1840","intelligence",1,1,3,2,1,2
"1841","intended",1,3,0,0,1,1
"1842","internet",1,3,7,6,0,2
"1843","investor",1,1,1,0,1,1
"1844","invite",1,1,1,0,0,2
"1845","iranian",1,5,2,1,3,1
"1846","iraqi",1,0,3,0,1,1
"1847","islamist",1,0,0,1,2,0
"1848","jennifer",1,0,1,1,0,0
"1849","jolly",1,0,1,1,0,1
"1850","jon",1,3,3,2,0,4
"1851","josh",1,2,1,1,3,0
"1852","jr",1,1,1,1,1,1
"1853","json",1,9,0,12,0,7
"1854","judicial",1,3,3,1,0,1
"1855","july",1,2,2,1,0,1
"1856","kagan",1,0,4,1,1,1
"1857","kasich",1,5,5,4,2,2
"1858","kathleen",1,0,2,1,0,1
"1859","kay",1,1,1,2,0,2
"1860","keeping",1,0,2,1,0,2
"1861","kendrick",1,1,1,1,0,1
"1862","kentucky",1,1,2,0,0,1
"1863","kenya",1,4,0,1,1,0
"1864","kept",1,2,2,2,0,1
"1865","kloppenburg",1,0,0,1,2,0
"1866","knew",1,3,0,1,1,0
"1867","korean",1,0,0,1,0,3
"1868","la",1,2,0,1,0,0
"1869","laid",1,2,1,3,0,1
"1870","largely",1,3,1,0,0,1
"1871","latino",1,1,2,5,0,6
"1872","lax",1,1,0,0,1,0
"1873","leave",1,7,9,6,1,6
"1874","leaving",1,3,6,5,1,2
"1875","library",1,1,2,0,0,3
"1876","licensed",1,0,3,0,1,2
"1877","lieutenant",1,1,1,3,0,0
"1878","linked",1,1,2,0,0,0
"1879","lloyd",1,1,0,0,0,1
"1880","lobbied",1,2,1,1,0,1
"1881","longest",1,2,0,0,1,2
"1882","los",1,3,2,1,1,2
"1883","losing",1,5,6,3,1,2
"1884","lunch",1,1,0,2,1,2
"1885","lynch",1,1,0,2,1,0
"1886","maintained",1,0,0,1,0,3
"1887","mandatory",1,0,1,3,4,2
"1888","mandel",1,3,1,2,2,0
"1889","mansion",1,1,2,0,1,3
"1890","marketplace",1,1,0,1,2,1
"1891","martial",1,1,1,0,0,0
"1892","mate",1,2,1,0,0,1
"1893","math",1,1,1,2,0,3
"1894","mayoral",1,0,2,1,2,1
"1895","media",1,5,2,4,4,5
"1896","medicine",1,1,1,3,2,0
"1897","meek",1,1,1,1,0,1
"1898","metro",1,1,2,5,0,2
"1899","mexican",1,3,4,2,6,3
"1900","might",1,4,2,0,2,1
"1901","millennial",1,1,1,2,1,0
"1902","mining",1,2,0,0,0,2
"1903","minister",1,0,1,4,1,0
"1904","mismanaged",1,1,0,0,1,0
"1905","missed",1,1,1,2,0,2
"1906","missile",1,0,2,1,0,2
"1907","missing",1,0,0,1,1,1
"1908","mission",1,1,3,1,0,1
"1909","model",1,3,2,1,0,5
"1910","moderate",1,0,1,4,0,0
"1911","mom",1,3,0,0,0,0
"1912","moon",1,1,0,1,0,1
"1913","mortgage",1,3,2,3,3,7
"1914","mosque",1,3,0,0,0,2
"1915","moved",1,1,4,2,2,2
"1916","movie",1,0,1,0,1,1
"1917","mr",1,4,1,3,0,4
"1918","multiple",1,2,0,1,0,3
"1919","n.h",1,0,0,2,0,2
"1920","near",1,3,7,3,0,5
"1921","net",1,4,7,3,0,3
"1922","newspaper",1,3,1,1,0,1
"1923","newt",1,2,3,3,3,6
"1924","night",1,4,2,3,1,1
"1925","ninth",1,1,1,2,0,0
"1926","nixon",1,0,0,1,0,3
"1927","nobody",1,6,1,2,4,3
"1928","nomination",1,0,4,5,1,2
"1929","nonprofit",1,1,0,1,0,0
"1930","november",1,3,7,3,1,1
"1931","nowhere",1,2,2,1,1,0
"1932","nurse",1,3,2,1,0,0
"1933","occur",1,3,2,1,0,0
"1934","ocean",1,2,1,1,0,1
"1935","october",1,1,2,0,2,2
"1936","often",1,2,2,2,0,3
"1937","ohioan",1,0,1,3,0,2
"1938","ok",1,0,2,0,1,0
"1939","older",1,1,0,1,1,2
"1940","openly",1,4,0,0,2,2
"1941","operation",1,4,3,5,1,4
"1942","opportunity",1,4,0,2,0,3
"1943","ordered",1,3,1,4,1,1
"1944","outsourcing",1,1,3,0,0,0
"1945","oversaw",1,1,1,2,1,0
"1946","owe",1,2,0,9,0,1
"1947","pac",1,5,4,2,0,2
"1948","pack",1,1,1,0,0,2
"1949","pakistan",1,2,3,3,3,1
"1950","panel",1,1,3,1,7,3
"1951","pant",1,0,1,2,1,2
"1952","paper",1,3,0,1,2,2
"1953","parental",1,0,2,0,0,0
"1954","partie",1,2,0,6,0,1
"1955","partisan",1,1,3,1,0,0
"1956","partner",1,3,0,3,0,2
"1957","passage",1,2,4,0,0,1
"1958","passing",1,0,3,1,0,3
"1959","pastor",1,2,1,0,1,1
"1960","patriotic",1,0,1,0,1,0
"1961","penalty",1,0,2,1,0,1
"1962","percentage",1,4,5,13,0,6
"1963","performed",1,0,1,1,2,0
"1964","pete",1,3,3,0,0,1
"1965","peter",1,1,1,0,1,0
"1966","petition",1,0,3,0,0,4
"1967","pharmacist",1,0,1,0,0,1
"1968","photo",1,3,2,4,2,6
"1969","piece",1,0,0,2,1,4
"1970","pill",1,1,1,1,0,0
"1971","pipeline",1,5,3,2,1,4
"1972","pizza",1,0,0,3,0,0
"1973","planet",1,1,2,1,0,1
"1974","played",1,0,0,1,2,3
"1975","politifact",1,2,3,0,3,0
"1976","ponzi",1,4,2,0,0,0
"1977","pork",1,2,2,3,1,3
"1978","positive",1,0,5,0,0,2
"1979","potentially",1,2,0,2,2,0
"1980","practice",1,3,4,2,0,1
"1981","predecessor",1,1,3,1,0,0
"1982","predicted",1,2,1,0,0,0
"1983","pregnancy",1,2,0,1,0,0
"1984","pregnant",1,2,1,1,0,2
"1985","preschool",1,1,1,1,0,0
"1986","prescription",1,3,3,2,0,4
"1987","present",1,2,1,1,0,0
"1988","presided",1,0,0,2,2,0
"1989","prevent",1,4,3,4,4,2
"1990","prime",1,0,1,4,1,0
"1991","prior",1,2,3,2,1,3
"1992","privilege",1,1,1,0,0,1
"1993","processed",1,0,1,1,0,0
"1994","production",1,1,4,5,0,2
"1995","projected",1,1,1,7,0,2
"1996","promoted",1,0,0,2,0,0
"1997","proof",1,2,3,1,0,1
"1998","proportion",1,1,2,1,0,0
"1999","proposing",1,3,0,1,0,2
"2000","prosecuted",1,0,0,2,1,2
"2001","prosecution",1,2,2,0,1,0
"2002","prosecutor",1,2,1,1,0,1
"2003","protest",1,2,0,1,3,1
"2004","provided",1,4,1,5,1,3
"2005","pulled",1,1,3,1,0,0
"2006","pump",1,3,2,2,0,1
"2007","purchase",1,6,1,2,1,5
"2008","putin",1,0,0,1,2,0
"2009","putting",1,3,5,3,0,0
"2010","qaida",1,0,2,3,0,2
"2011","quality",1,1,2,1,0,0
"2012","racist",1,1,0,0,2,0
"2013","ran",1,2,3,4,3,5
"2014","rand",1,2,1,0,0,3
"2015","ranking",1,0,6,0,0,0
"2016","rare",1,0,2,0,0,1
"2017","reach",1,1,2,2,0,1
"2018","reached",1,4,1,1,1,2
"2019","recently",1,8,4,3,5,1
"2020","recognize",1,2,0,0,0,1
"2021","recommendation",1,1,1,0,1,0
"2022","recorded",1,2,0,1,0,3
"2023","recovered",1,1,2,2,0,1
"2024","recovery",1,6,12,2,0,5
"2025","recruiting",1,0,3,0,0,1
"2026","redistricting",1,6,1,0,0,2
"2027","reed",1,0,1,1,1,0
"2028","referendum",1,1,1,1,0,2
"2029","referring",1,3,0,0,0,0
"2030","regime",1,1,2,2,3,0
"2031","region",1,1,2,5,0,3
"2032","regular",1,1,0,2,0,1
"2033","relation",1,2,2,0,0,0
"2034","relief",1,1,5,2,2,4
"2035","rely",1,2,2,1,0,0
"2036","remain",1,2,6,8,0,1
"2037","repaid",1,0,2,1,0,0
"2038","repair",1,4,0,1,0,1
"2039","repeatedly",1,2,2,4,1,1
"2040","replaced",1,0,1,1,1,0
"2041","reporter",1,2,0,0,1,0
"2042","requested",1,1,1,1,1,3
"2043","residency",1,1,0,1,1,1
"2044","responding",1,2,1,0,0,1
"2045","restriction",1,4,1,1,0,3
"2046","restrictive",1,0,1,0,0,4
"2047","resulted",1,4,3,2,2,2
"2048","ri",1,0,1,2,1,0
"2049","richard",1,3,6,0,0,3
"2050","richest",1,0,1,7,0,2
"2051","risen",1,0,4,4,0,1
"2052","rising",1,2,1,1,1,1
"2053","risky",1,0,2,1,0,1
"2054","rival",1,2,2,3,1,0
"2055","river",1,1,1,3,0,1
"2056","roll",1,3,0,1,0,2
"2057","roosevelt",1,2,2,0,0,3
"2058","roughly",1,5,7,5,1,1
"2059","round",1,2,2,1,1,2
"2060","row",1,1,4,3,1,5
"2061","rush",1,0,0,2,2,1
"2062","safest",1,0,1,1,0,1
"2063","salarie",1,2,5,5,2,3
"2064","sander",1,4,8,9,4,5
"2065","sarah",1,3,3,0,6,3
"2066","sat",1,2,1,0,0,1
"2067","scholarship",1,1,5,5,1,2
"2068","scientific",1,1,0,1,0,0
"2069","screening",1,2,4,0,2,1
"2070","sean",1,1,0,0,2,0
"2071","search",1,1,1,2,0,0
"2072","secretly",1,0,1,1,1,1
"2073","seem",1,1,1,2,0,1
"2074","seller",1,0,1,1,0,1
"2075","sending",1,1,3,1,1,0
"2076","sequester",1,1,2,3,1,1
"2077","seriou",1,3,3,1,2,4
"2078","sharia",1,1,0,1,3,0
"2079","shell",1,0,0,2,0,0
"2080","shop",1,0,1,2,0,2
"2081","shore",1,1,2,0,0,0
"2082","short",1,0,3,3,0,0
"2083","shortfall",1,3,0,2,0,0
"2084","showing",1,5,2,1,2,1
"2085","shrinking",1,1,1,2,0,0
"2086","shutdown",1,1,3,5,0,3
"2087","side",1,5,6,2,4,1
"2088","signature",1,1,1,0,0,2
"2089","signing",1,2,1,1,0,0
"2090","sitting",1,0,2,3,0,2
"2091","situation",1,0,2,1,0,0
"2092","sixth",1,1,0,6,0,1
"2093","slash",1,1,0,2,1,1
"2094","slashed",1,1,1,0,0,1
"2095","slave",1,1,1,0,1,2
"2096","slow",1,1,1,0,0,0
"2097","smoking",1,1,0,2,0,1
"2098","soccer",1,2,1,2,0,1
"2099","socialist",1,2,0,0,7,1
"2100","solar",1,2,9,3,5,2
"2101","somebody",1,2,2,2,1,1
"2102","somewhere",1,0,3,1,0,1
"2103","sonia",1,1,1,0,0,0
"2104","southwest",1,3,0,2,0,0
"2105","space",1,1,5,1,1,3
"2106","speeche",1,1,0,1,0,1
"2107","spill",1,0,3,4,0,1
"2108","spoken",1,2,0,0,0,3
"2109","sport",1,0,4,2,1,3
"2110","spouse",1,1,0,1,0,1
"2111","stadium",1,1,6,4,0,1
"2112","stage",1,3,1,5,0,1
"2113","star",1,1,3,0,0,2
"2114","stated",1,1,2,1,0,2
"2115","statewide",1,0,3,6,0,3
"2116","statu",1,2,2,2,0,3
"2117","steve",1,5,1,1,3,1
"2118","stood",1,1,5,3,3,6
"2119","story",1,4,1,0,2,0
"2120","strau",1,0,1,1,1,1
"2121","strickland",1,3,2,2,1,0
"2122","strong",1,2,5,1,0,2
"2123","studio",1,1,2,0,0,2
"2124","style",1,2,0,1,1,1
"2125","subsequent",1,0,0,1,1,0
"2126","subsidie",1,5,2,1,1,4
"2127","substantial",1,1,3,1,1,0
"2128","successfully",1,2,1,1,0,3
"2129","sudden",1,2,0,0,1,0
"2130","suggested",1,2,0,2,2,3
"2131","sullivan",1,1,1,0,0,0
"2132","summer",1,2,1,1,0,1
"2133","super",1,6,4,2,1,1
"2134","supposed",1,3,1,2,1,0
"2135","supposedly",1,1,1,0,0,0
"2136","survey",1,4,6,2,0,2
"2137","suspected",1,1,1,2,0,0
"2138","sworn",1,1,1,0,1,0
"2139","talking",1,8,1,0,2,2
"2140","tank",1,0,1,1,0,0
"2141","teen",1,3,1,3,0,0
"2142","teenager",1,0,3,0,0,0
"2143","telling",1,0,1,0,4,1
"2144","tenure",1,2,3,3,0,2
"2145","terror",1,2,3,1,0,3
"2146","terry",1,4,0,1,0,0
"2147","testified",1,1,0,0,0,1
"2148","texting",1,0,1,0,0,2
"2149","thom",1,0,1,2,0,0
"2150","thompson",1,2,7,2,0,2
"2151","threatening",1,1,1,0,1,1
"2152","todd",1,1,2,0,0,1
"2153","tommy",1,2,7,2,0,2
"2154","tool",1,0,1,0,0,1
"2155","totally",1,2,0,0,1,2
"2156","touch",1,0,1,3,0,0
"2157","tour",1,0,0,0,3,2
"2158","track",1,3,3,2,0,4
"2159","train",1,2,3,3,2,1
"2160","trained",1,0,1,0,1,1
"2161","transmitted",1,1,0,1,1,0
"2162","treaty",1,3,1,0,2,0
"2163","tree",1,3,1,0,3,2
"2164","tremendou",1,3,0,1,0,0
"2165","trip",1,1,0,0,3,2
"2166","truck",1,2,1,2,0,4
"2167","trust",1,2,3,0,1,4
"2168","turnpike",1,0,1,0,0,1
"2169","ultimately",1,0,1,3,0,0
"2170","understand",1,1,1,1,0,3
"2171","undocumented",1,3,8,8,0,4
"2172","unfair",1,1,1,1,0,0
"2173","universal",1,2,1,1,0,4
"2174","unles",1,1,3,0,0,0
"2175","unpopular",1,1,0,2,0,2
"2176","usage",1,0,0,3,0,1
"2177","vaccine",1,7,0,2,0,3
"2178","valley",1,1,0,1,0,2
"2179","van",1,2,1,1,0,1
"2180","variou",1,1,1,1,1,0
"2181","verify",1,3,2,0,1,2
"2182","version",1,2,2,0,1,1
"2183","vetoed",1,0,1,6,0,3
"2184","vice",1,6,0,0,0,1
"2185","victim",1,3,7,6,4,6
"2186","victory",1,3,0,1,0,0
"2187","visitor",1,2,2,3,0,1
"2188","vladimir",1,0,0,1,2,0
"2189","walk",1,1,1,2,1,3
"2190","warmer",1,1,0,0,0,1
"2191","warner",1,1,1,1,1,1
"2192","warrant",1,1,1,0,1,3
"2193","weather",1,0,0,2,1,1
"2194","western",1,1,1,1,1,2
"2195","what",1,0,2,2,0,1
"2196","whatsoever",1,1,0,1,1,3
"2197","wife",1,0,2,0,2,3
"2198","wildlife",1,1,0,0,2,0
"2199","winner",1,1,0,0,0,1
"2200","winning",1,2,1,1,1,2
"2201","withdrawal",1,1,3,0,0,0
"2202","worse",1,3,6,1,0,2
"2203","wounded",1,0,3,1,0,0
"2204","write",1,2,2,1,0,1
"2205","written",1,2,5,2,1,0
"2206","ye",1,3,3,0,0,0
"2207","arm",0,7,2,2,0,1
"2208","primary",0,7,8,8,4,7
"2209","science",0,7,2,3,1,2
"2210","scientist",0,7,2,1,0,1
"2211","authority",0,6,4,2,0,7
"2212","debunked",0,6,0,0,0,0
"2213","e",0,6,1,5,2,2
"2214","infrastructure",0,6,1,3,0,2
"2215","investigation",0,6,2,5,1,2
"2216","payment",0,6,0,1,4,6
"2217","anyone",0,5,5,4,1,0
"2218","changing",0,5,0,1,0,1
"2219","destroyed",0,5,0,0,0,0
"2220","involved",0,5,1,3,0,2
"2221","maybe",0,5,0,2,1,5
"2222","registration",0,5,1,0,3,2
"2223","repealing",0,5,4,2,0,0
"2224","several",0,5,5,3,0,3
"2225","television",0,5,2,0,1,2
"2226","tennessee",0,5,1,2,1,3
"2227","anything",0,4,4,6,6,0
"2228","bankrupt",0,4,1,3,0,1
"2229","broken",0,4,0,1,0,2
"2230","cabinet",0,4,0,0,2,0
"2231","censu",0,4,3,5,3,0
"2232","drone",0,4,3,0,0,3
"2233","ethic",0,4,4,2,2,2
"2234","faster",0,4,6,5,0,0
"2235","happening",0,4,6,0,2,1
"2236","im",0,4,6,0,4,5
"2237","initiative",0,4,2,0,0,0
"2238","invented",0,4,3,2,0,1
"2239","manufacturer",0,4,2,3,0,3
"2240","meet",0,4,0,7,2,2
"2241","minnesota",0,4,7,1,0,0
"2242","motor",0,4,2,0,0,0
"2243","removed",0,4,2,0,2,0
"2244","rent",0,4,0,1,1,5
"2245","responsibility",0,4,0,0,0,2
"2246","score",0,4,2,2,1,2
"2247","shown",0,4,4,2,0,0
"2248","t",0,4,1,2,1,1
"2249","thoma",0,4,5,0,1,0
"2250","tied",0,4,0,0,1,1
"2251","weekend",0,4,1,0,0,2
"2252","abele",0,3,0,1,0,0
"2253","accomplishment",0,3,0,1,1,2
"2254","admit",0,3,0,3,4,1
"2255","alternative",0,3,2,0,0,1
"2256","applying",0,3,0,0,0,0
"2257","attempted",0,3,0,2,0,0
"2258","began",0,3,4,1,4,0
"2259","bottom",0,3,2,9,0,7
"2260","camp",0,3,1,1,1,0
"2261","carrying",0,3,2,2,0,0
"2262","carter",0,3,0,2,1,1
"2263","central",0,3,3,5,1,3
"2264","classroom",0,3,3,2,2,2
"2265","comment",0,3,1,2,1,0
"2266","conviction",0,3,3,0,0,1
"2267","cop",0,3,1,1,1,0
"2268","depression",0,3,1,1,0,5
"2269","developing",0,3,1,2,0,0
"2270","dome",0,3,1,0,1,0
"2271","egypt",0,3,0,0,0,2
"2272","fill",0,3,2,3,0,0
"2273","financing",0,3,2,1,0,2
"2274","flag",0,3,2,4,4,2
"2275","fundraising",0,3,0,0,2,2
"2276","gdp",0,3,5,7,1,5
"2277","hall",0,3,1,0,4,1
"2278","import",0,3,1,0,2,1
"2279","jimmy",0,3,1,0,1,0
"2280","kerry",0,3,1,2,0,1
"2281","kidnapping",0,3,1,0,1,0
"2282","killer",0,3,0,1,1,1
"2283","larger",0,3,4,6,1,4
"2284","layoff",0,3,2,2,0,0
"2285","league",0,3,3,0,0,1
"2286","lee",0,3,1,2,3,2
"2287","literally",0,3,1,2,1,1
"2288","met",0,3,0,4,1,1
"2289","midwest",0,3,3,0,0,2
"2290","mostly",0,3,2,7,1,1
"2291","nato",0,3,1,1,1,1
"2292","paycheck",0,3,2,1,0,1
"2293","performing",0,3,2,0,0,1
"2294","philadelphia",0,3,2,0,0,2
"2295","phoenix",0,3,1,1,2,1
"2296","platform",0,3,5,1,0,2
"2297","politic",0,3,4,1,1,2
"2298","post",0,3,4,2,0,0
"2299","previously",0,3,1,1,0,3
"2300","procedure",0,3,2,2,1,0
"2301","protecting",0,3,2,1,0,0
"2302","purchased",0,3,1,1,0,1
"2303","rejected",0,3,1,1,0,2
"2304","releasing",0,3,1,1,0,0
"2305","revolution",0,3,0,2,0,0
"2306","rural",0,3,1,0,0,1
"2307","sanctuary",0,3,4,3,0,0
"2308","schedule",0,3,3,1,0,0
"2309","separate",0,3,2,3,1,3
"2310","serve",0,3,3,1,2,5
"2311","share",0,3,4,5,0,4
"2312","ship",0,3,1,1,0,1
"2313","site",0,3,1,1,3,1
"2314","soviet",0,3,1,2,3,1
"2315","st",0,3,2,0,1,3
"2316","u.n",0,3,0,1,4,1
"2317","ukraine",0,3,0,2,0,3
"2318","veto",0,3,0,3,0,3
"2319","whatever",0,3,0,1,1,0
"2320","accused",0,2,0,5,2,1
"2321","acre",0,2,1,2,0,0
"2322","advanced",0,2,7,2,0,0
"2323","attention",0,2,1,0,0,1
"2324","automobile",0,2,0,2,1,1
"2325","becoming",0,2,5,1,2,1
"2326","beef",0,2,0,1,1,1
"2327","bergdahl",0,2,0,1,1,0
"2328","bowe",0,2,0,1,1,0
"2329","branch",0,2,3,0,0,1
"2330","busiest",0,2,2,0,0,2
"2331","campu",0,2,2,1,0,0
"2332","cat",0,2,3,1,0,2
"2333","certainly",0,2,2,0,0,1
"2334","charged",0,2,3,0,0,3
"2335","circuit",0,2,0,1,0,0
"2336","claimed",0,2,1,0,1,1
"2337","cliff",0,2,2,1,0,0
"2338","commitment",0,2,1,4,0,2
"2339","conduct",0,2,0,1,1,0
"2340","confirmed",0,2,2,0,0,3
"2341","contain",0,2,0,1,2,2
"2342","crowd",0,2,0,0,1,0
"2343","cuba",0,2,3,3,0,1
"2344","dade",0,2,2,1,0,1
"2345","database",0,2,1,1,2,2
"2346","debbie",0,2,3,1,0,0
"2347","degree",0,2,2,2,0,2
"2348","delegate",0,2,2,4,0,1
"2349","deportation",0,2,4,2,0,2
"2350","difference",0,2,2,1,1,2
"2351","dodd",0,2,3,0,0,1
"2352","dr",0,2,1,1,0,1
"2353","duffy",0,2,0,0,2,0
"2354","duty",0,2,1,2,0,3
"2355","earned",0,2,6,7,3,2
"2356","eat",0,2,1,1,1,0
"2357","enrolled",0,2,1,0,2,0
"2358","evolution",0,2,1,0,0,0
"2359","exceed",0,2,3,2,0,3
"2360","extend",0,2,2,3,0,0
"2361","exxon",0,2,1,2,0,1
"2362","failing",0,2,3,2,1,1
"2363","failure",0,2,2,2,0,2
"2364","fair",0,2,2,3,0,1
"2365","firearm",0,2,3,15,2,7
"2366","fracking",0,2,2,1,0,0
"2367","franklin",0,2,2,0,1,2
"2368","gap",0,2,3,4,0,1
"2369","garbage",0,2,0,0,1,0
"2370","gm",0,2,1,1,0,1
"2371","guarantee",0,2,4,1,2,1
"2372","handgun",0,2,5,2,1,1
"2373","hate",0,2,1,2,3,1
"2374","hell",0,2,4,1,1,0
"2375","helping",0,2,2,3,2,2
"2376","highly",0,2,2,0,0,0
"2377","hotel",0,2,2,1,0,2
"2378","inaction",0,2,2,0,0,0
"2379","incentive",0,2,0,1,1,1
"2380","incident",0,2,6,0,1,5
"2381","independence",0,2,2,2,1,0
"2382","iron",0,2,0,2,0,0
"2383","jefferson",0,2,5,0,0,0
"2384","kelly",0,2,2,2,1,1
"2385","landslide",0,2,1,1,1,0
"2386","learn",0,2,2,2,0,0
"2387","lincoln",0,2,3,0,0,4
"2388","link",0,2,1,1,2,0
"2389","looked",0,2,2,0,0,0
"2390","lottery",0,2,3,3,0,0
"2391","mccollum",0,2,0,2,3,2
"2392","measle",0,2,0,0,1,3
"2393","mental",0,2,0,4,0,5
"2394","mobil",0,2,1,1,0,0
"2395","opened",0,2,0,0,0,1
"2396","opening",0,2,1,1,0,1
"2397","ore",0,2,1,2,0,1
"2398","oregonian",0,2,4,0,2,3
"2399","outlaw",0,2,3,0,2,2
"2400","own",0,2,2,3,0,2
"2401","penny",0,2,1,2,0,0
"2402","playing",0,2,1,1,1,1
"2403","produce",0,2,5,3,0,1
"2404","producing",0,2,1,1,1,0
"2405","professional",0,2,0,1,0,3
"2406","pushed",0,2,2,2,0,2
"2407","quite",0,2,2,0,0,0
"2408","quote",0,2,3,0,3,1
"2409","raped",0,2,2,0,0,0
"2410","rated",0,2,1,0,1,3
"2411","ready",0,2,0,1,0,1
"2412","regulating",0,2,2,1,1,0
"2413","relationship",0,2,0,0,2,2
"2414","repay",0,2,0,1,0,0
"2415","response",0,2,4,1,2,0
"2416","revealed",0,2,1,1,1,1
"2417","shift",0,2,0,1,1,1
"2418","subsidize",0,2,1,1,0,2
"2419","talked",0,2,1,2,0,0
"2420","thirty",0,2,1,2,0,2
"2421","threaten",0,2,1,1,1,1
"2422","tie",0,2,1,2,1,0
"2423","truth",0,2,1,0,1,3
"2424","upon",0,2,1,1,0,1
"2425","usa",0,2,0,1,0,2
"2426","visa",0,2,1,6,0,0
"2427","wait",0,2,2,1,0,2
"2428","wealthiest",0,2,2,1,0,2
"2429","wed",0,2,0,1,0,1
"2430","wi",0,2,0,3,0,0
"2431","zika",0,2,2,0,1,0
"2432","acted",0,1,0,1,1,0
"2433","affected",0,1,1,0,1,0
"2434","although",0,1,1,1,1,0
"2435","appearance",0,1,0,2,0,0
"2436","armed",0,1,2,0,0,3
"2437","army",0,1,3,1,3,3
"2438","arrest",0,1,3,3,1,1
"2439","authorize",0,1,2,2,0,1
"2440","autism",0,1,0,1,0,1
"2441","bailey",0,1,1,2,0,2
"2442","bar",0,1,4,3,0,2
"2443","battle",0,1,2,2,1,1
"2444","behavior",0,1,0,2,0,0
"2445","bomb",0,1,0,0,2,0
"2446","bombing",0,1,0,1,1,1
"2447","boot",0,1,2,0,0,2
"2448","bu",0,1,0,4,0,1
"2449","budged",0,1,0,0,0,2
"2450","bunch",0,1,1,1,2,0
"2451","caucu",0,1,1,1,1,1
"2452","chair",0,1,2,1,1,2
"2453","chicago",0,1,3,3,1,2
"2454","chosen",0,1,2,0,1,1
"2455","cia",0,1,2,1,1,0
"2456","cigarette",0,1,1,2,0,1
"2457","civilian",0,1,1,2,0,2
"2458","commonly",0,1,1,2,0,1
"2459","concluded",0,1,1,3,2,0
"2460","conducted",0,1,0,2,2,4
"2461","connected",0,1,0,1,1,0
"2462","connecticut",0,1,0,1,1,3
"2463","consistent",0,1,0,2,1,0
"2464","counted",0,1,0,1,2,0
"2465","customer",0,1,1,1,1,1
"2466","czar",0,1,2,0,0,0
"2467","daily",0,1,0,1,1,3
"2468","declared",0,1,1,2,1,2
"2469","decrease",0,1,1,5,2,2
"2470","delegation",0,1,1,2,0,0
"2471","direction",0,1,4,0,0,0
"2472","discussion",0,1,0,1,1,2
"2473","draw",0,1,2,0,0,2
"2474","dropout",0,1,8,0,0,1
"2475","enrollment",0,1,2,1,0,0
"2476","equality",0,1,0,4,1,0
"2477","european",0,1,2,2,0,1
"2478","exceeded",0,1,0,0,0,2
"2479","f",0,1,1,1,2,0
"2480","farmer",0,1,1,1,1,2
"2481","flu",0,1,1,1,1,0
"2482","frankly",0,1,2,0,2,1
"2483","gained",0,1,5,1,0,1
"2484","gambling",0,1,1,3,0,1
"2485","goldman",0,1,1,1,0,1
"2486","greatest",0,1,1,1,0,2
"2487","heroin",0,1,0,2,0,2
"2488","hiv",0,1,0,7,1,3
"2489","honoring",0,1,0,2,0,0
"2490","hook",0,1,3,0,1,2
"2491","hunt",0,1,1,1,0,0
"2492","hutchison",0,1,1,2,1,2
"2493","imposed",0,1,1,2,0,1
"2494","improved",0,1,1,1,0,2
"2495","india",0,1,3,3,0,3
"2496","indiana",0,1,10,2,0,0
"2497","indicate",0,1,2,4,0,1
"2498","inequality",0,1,2,3,0,2
"2499","infant",0,1,3,1,0,1
"2500","instance",0,1,1,2,0,1
"2501","islander",0,1,3,1,0,2
"2502","jet",0,1,0,2,0,4
"2503","jumped",0,1,2,2,0,3
"2504","katrina",0,1,0,0,1,1
"2505","kit",0,1,2,0,2,0
"2506","laden",0,1,4,0,1,0
"2507","lifetime",0,1,0,1,1,3
"2508","located",0,1,0,0,1,1
"2509","lock",0,1,2,1,0,1
"2510","louisiana",0,1,0,2,1,1
"2511","magazine",0,1,1,1,0,2
"2512","main",0,1,2,0,1,2
"2513","managed",0,1,2,2,0,1
"2514","marcy",0,1,0,0,2,0
"2515","margin",0,1,1,5,0,2
"2516","master",0,1,0,1,1,1
"2517","mentally",0,1,0,1,0,1
"2518","minor",0,1,1,3,1,0
"2519","mo",0,1,0,1,2,1
"2520","multnomah",0,1,1,0,1,2
"2521","negative",0,1,1,3,1,0
"2522","neutral",0,1,2,0,0,0
"2523","nfl",0,1,2,3,2,0
"2524","obesity",0,1,0,0,2,1
"2525","osama",0,1,3,0,1,0
"2526","overturning",0,1,2,1,0,0
"2527","ownership",0,1,2,0,3,2
"2528","pace",0,1,4,1,0,1
"2529","patriot",0,1,2,1,1,1
"2530","payday",0,1,1,2,0,1
"2531","pell",0,1,2,3,1,4
"2532","permanently",0,1,1,2,0,0
"2533","physically",0,1,0,0,0,2
"2534","play",0,1,0,2,2,1
"2535","player",0,1,2,2,0,1
"2536","port",0,1,1,1,0,2
"2537","posted",0,1,1,2,2,0
"2538","pregnancie",0,1,0,2,0,2
"2539","prescribed",0,1,1,1,0,1
"2540","primarily",0,1,0,1,0,1
"2541","produced",0,1,1,3,0,5
"2542","proud",0,1,1,2,0,2
"2543","publicly",0,1,0,3,1,2
"2544","pull",0,1,1,1,0,3
"2545","racial",0,1,1,1,0,0
"2546","reading",0,1,3,2,0,2
"2547","rebecca",0,1,1,1,0,0
"2548","refund",0,1,2,0,1,0
"2549","regulate",0,1,1,0,3,1
"2550","relatively",0,1,2,2,0,1
"2551","renewal",0,1,2,0,0,1
"2552","restaurant",0,1,0,2,2,0
"2553","revelation",0,1,0,0,1,1
"2554","rig",0,1,3,1,1,0
"2555","roe",0,1,2,3,0,1
"2556","role",0,1,1,1,2,0
"2557","rolling",0,1,1,0,2,0
"2558","santorum",0,1,4,0,1,2
"2559","sentenced",0,1,2,0,1,1
"2560","sequestration",0,1,3,0,0,0
"2561","seventy",0,1,2,2,0,3
"2562","sheldon",0,1,0,1,3,0
"2563","skill",0,1,2,1,0,0
"2564","soda",0,1,1,0,0,2
"2565","sometime",0,1,1,1,0,3
"2566","spokesman",0,1,2,0,1,0
"2567","sponsor",0,1,4,2,0,1
"2568","square",0,1,1,3,0,1
"2569","statistically",0,1,1,1,0,0
"2570","substance",0,1,1,2,0,2
"2571","sunday",0,1,0,2,2,1
"2572","superintendent",0,1,3,0,2,0
"2573","supervisor",0,1,2,1,1,0
"2574","technical",0,1,3,1,0,1
"2575","technology",0,1,4,1,0,1
"2576","tenth",0,1,0,3,1,0
"2577","testify",0,1,0,0,0,2
"2578","theyll",0,1,1,2,1,0
"2579","threatened",0,1,1,1,2,0
"2580","trigger",0,1,0,2,0,0
"2581","triple",0,1,1,1,1,2
"2582","turkey",0,1,0,1,1,1
"2583","twenty",0,1,7,6,0,6
"2584","u.k",0,1,0,1,0,1
"2585","unemployed",0,1,3,4,0,4
"2586","unopposed",0,1,1,1,0,0
"2587","user",0,1,1,2,1,0
"2588","utility",0,1,3,1,0,2
"2589","vaccination",0,1,1,0,1,1
"2590","viru",0,1,2,0,1,0
"2591","wasteful",0,1,0,0,2,0
"2592","whitehouse",0,1,0,2,3,0
"2593","worth",0,1,7,6,0,6
"2594","anytime",0,0,5,0,0,0
"2595","beach",0,0,5,1,1,1
"2596","retire",0,0,5,1,2,0
"2597","slavery",0,0,5,3,0,1
"2598","turnout",0,0,5,2,0,3
"2599","who",0,0,5,3,0,0
"2600","harvard",0,0,4,0,0,1
"2601","mammogram",0,0,4,0,1,1
"2602","murdered",0,0,4,2,2,1
"2603","obtain",0,0,4,2,0,1
"2604","ratio",0,0,4,1,0,3
"2605","starting",0,0,4,4,1,2
"2606","tested",0,0,4,1,1,3
"2607","transit",0,0,4,4,0,1
"2608","type",0,0,4,1,0,1
"2609","yemen",0,0,4,0,0,1
"2610","accident",0,0,3,5,0,5
"2611","bench",0,0,3,0,0,1
"2612","burr",0,0,3,0,0,0
"2613","cortez",0,0,3,1,0,0
"2614","declined",0,0,3,2,0,1
"2615","enemie",0,0,3,0,1,0
"2616","entered",0,0,3,2,0,1
"2617","february",0,0,3,1,0,3
"2618","fish",0,0,3,2,1,2
"2619","genetically",0,0,3,1,0,0
"2620","homeowner",0,0,3,2,1,5
"2621","incarceration",0,0,3,4,0,3
"2622","judgment",0,0,3,0,1,0
"2623","losse",0,0,3,3,0,0
"2624","pocketed",0,0,3,0,0,1
"2625","pound",0,0,3,1,0,2
"2626","prolife",0,0,3,0,0,1
"2627","provider",0,0,3,1,0,2
"2628","quadrupled",0,0,3,0,0,1
"2629","rescue",0,0,3,3,0,0
"2630","rico",0,0,3,1,0,1
"2631","soon",0,0,3,2,0,1
"2632","translate",0,0,3,0,0,0
"2633","tripled",0,0,3,3,0,0
"2634","weak",0,0,3,1,1,0
"2635","alison",0,0,2,0,1,0
"2636","ayotte",0,0,2,2,1,1
"2637","bankruptcie",0,0,2,1,0,0
"2638","brady",0,0,2,0,1,2
"2639","capacity",0,0,2,0,0,1
"2640","charter",0,0,2,6,1,2
"2641","connection",0,0,2,1,2,2
"2642","consider",0,0,2,2,0,1
"2643","cros",0,0,2,1,3,0
"2644","dane",0,0,2,0,1,1
"2645","determine",0,0,2,0,0,1
"2646","detroit",0,0,2,4,1,0
"2647","explain",0,0,2,1,0,0
"2648","fewest",0,0,2,2,0,2
"2649","fly",0,0,2,2,1,0
"2650","followed",0,0,2,1,1,1
"2651","galveston",0,0,2,0,0,1
"2652","greece",0,0,2,1,0,2
"2653","gwinnett",0,0,2,2,0,2
"2654","hardly",0,0,2,1,1,0
"2655","huckabee",0,0,2,2,0,2
"2656","installation",0,0,2,1,0,0
"2657","join",0,0,2,2,0,2
"2658","lease",0,0,2,1,0,1
"2659","mac",0,0,2,1,2,1
"2660","mistake",0,0,2,1,1,1
"2661","navy",0,0,2,0,5,1
"2662","newport",0,0,2,0,0,1
"2663","peak",0,0,2,1,0,1
"2664","pence",0,0,2,2,0,0
"2665","poland",0,0,2,0,0,1
"2666","policemen",0,0,2,1,2,1
"2667","precedent",0,0,2,1,0,1
"2668","privately",0,0,2,1,0,0
"2669","rebate",0,0,2,1,1,1
"2670","rebel",0,0,2,1,0,1
"2671","resolution",0,0,2,2,3,0
"2672","resulting",0,0,2,2,0,2
"2673","son",0,0,2,1,2,0
"2674","suffered",0,0,2,0,1,0
"2675","syndrome",0,0,2,0,1,1
"2676","toxic",0,0,2,1,0,1
"2677","v",0,0,2,4,0,1
"2678","wade",0,0,2,2,0,1
"2679","youve",0,0,2,6,0,3
"2680","abraham",0,0,1,0,0,4
"2681","achieved",0,0,1,1,0,1
"2682","administrative",0,0,1,1,1,1
"2683","adopted",0,0,1,5,1,3
"2684","angele",0,0,1,3,3,0
"2685","apprehended",0,0,1,1,1,2
"2686","banking",0,0,1,3,1,0
"2687","bringing",0,0,1,3,1,1
"2688","colleague",0,0,1,2,0,2
"2689","confederate",0,0,1,2,2,0
"2690","constituent",0,0,1,0,0,3
"2691","december",0,0,1,6,0,0
"2692","deposit",0,0,1,0,2,1
"2693","faculty",0,0,1,2,1,2
"2694","floor",0,0,1,3,2,1
"2695","founded",0,0,1,0,3,1
"2696","fred",0,0,1,0,0,2
"2697","giuliani",0,0,1,1,1,1
"2698","golf",0,0,1,3,0,2
"2699","granite",0,0,1,0,1,2
"2700","gunfire",0,0,1,4,0,1
"2701","habit",0,0,1,3,0,0
"2702","jerry",0,0,1,2,2,0
"2703","jerseyan",0,0,1,1,0,2
"2704","legalized",0,0,1,1,2,0
"2705","lo",0,0,1,3,3,0
"2706","maryland",0,0,1,1,0,1
"2707","nascar",0,0,1,0,0,2
"2708","operate",0,0,1,2,0,3
"2709","peace",0,0,1,0,1,1
"2710","picture",0,0,1,1,3,1
"2711","precinct",0,0,1,1,0,4
"2712","prohibit",0,0,1,1,0,2
"2713","proper",0,0,1,1,1,1
"2714","prostitute",0,0,1,1,2,0
"2715","ray",0,0,1,2,0,0
"2716","society",0,0,1,1,3,0
"2717","southern",0,0,1,0,2,0
"2718","strategy",0,0,1,2,0,0
"2719","subprime",0,0,1,1,2,4
"2720","suicide",0,0,1,1,3,3
"2721","suit",0,0,1,2,2,1
"2722","uniform",0,0,1,1,3,0
"2723","uw",0,0,1,1,0,1
"2724","vermont",0,0,1,2,1,0
"2725","consume",0,0,0,5,0,2
"2726","carly",0,0,0,3,0,0
"2727","interior",0,0,0,3,0,2
"2728","aggressive",0,0,0,2,1,1
"2729","filing",0,0,0,2,0,3
"2730","august",0,0,0,1,1,1
"2731","blue",0,0,0,1,3,0
"2732","crimea",0,0,0,1,0,3
"2733","fat",0,0,0,1,1,1
"2734","happened",0,0,0,1,1,5
"2735","heavily",0,0,0,1,0,4
"2736","inch",0,0,0,1,1,1
"2737","inche",0,0,0,1,3,3
"2738","republic",0,0,0,1,2,3
"2739","suffer",0,0,0,1,1,2
"2740","torture",0,0,0,1,0,2
"2741","accuse",0,0,0,0,2,1
"2742","propertie",0,0,0,0,1,2
"2743","blow",0,0,0,0,0,4
